chrom	start_pos	end_pos	start_seq	end_seq	distance	microhomology	confidence
NC_000001.10	121485177	121485188	TGGAATTTGCAA	TGGAATTTGCAA	11	1.0	0.989
NC_000001.10	121485177	121485188	TGGAATTTGCAA	TGGAATTTGCAA	11	1.0	0.989
NC_000001.10	17912842	17912938	TTTTTAAACATC	TTTTTAAACATC	96	1.0	0.904
NC_000001.10	17912842	17912938	TTTTTAAACATC	TTTTTAAACATC	96	1.0	0.904
NC_000001.10	17912842	17912938	TTTTTAAACATC	TTTTTAAACATC	96	1.0	0.904
NC_000001.10	17912842	17912938	TTTTTAAACATC	TTTTTAAACATC	96	1.0	0.904
NC_000001.10	17912842	17912938	TTTTTAAACATC	TTTTTAAACATC	96	1.0	0.904
NC_000001.10	17912842	17912938	TTTTTAAACATC	TTTTTAAACATC	96	1.0	0.904
NC_000001.10	17912842	17912938	TTTTTAAACATC	TTTTTAAACATC	96	1.0	0.904
NC_000001.10	17912842	17912938	TTTTTAAACATC	TTTTTAAACATC	96	1.0	0.904
NC_000001.10	17912842	17912938	TTTTTAAACATC	TTTTTAAACATC	96	1.0	0.904
NC_000001.10	17912842	17912938	TTTTTAAACATC	TTTTTAAACATC	96	1.0	0.904
NC_000001.10	17912842	17912938	TTTTTAAACATC	TTTTTAAACATC	96	1.0	0.904
NC_000001.10	17912842	17912938	TTTTTAAACATC	TTTTTAAACATC	96	1.0	0.904
NC_000001.10	17912842	17912938	TTTTTAAACATC	TTTTTAAACATC	96	1.0	0.904
NC_000001.10	17912842	17912938	TTTTTAAACATC	TTTTTAAACATC	96	1.0	0.904
NC_000001.10	17912842	17912938	TTTTTAAACATC	TTTTTAAACATC	96	1.0	0.904
NC_000001.10	17912842	17912938	TTTTTAAACATC	TTTTTAAACATC	96	1.0	0.904
NC_000001.10	17912842	17912938	TTTTTAAACATC	TTTTTAAACATC	96	1.0	0.904
NC_000001.10	17912842	17912938	TTTTTAAACATC	TTTTTAAACATC	96	1.0	0.904
NC_000001.10	17912842	17912938	TTTTTAAACATC	TTTTTAAACATC	96	1.0	0.904
NC_000001.10	17912842	17912938	TTTTTAAACATC	TTTTTAAACATC	96	1.0	0.904
NC_000001.10	17912842	17912938	TTTTTAAACATC	TTTTTAAACATC	96	1.0	0.904
NC_000001.10	17912842	17912938	TTTTTAAACATC	TTTTTAAACATC	96	1.0	0.904
NC_000001.10	17912842	17912938	TTTTTAAACATC	TTTTTAAACATC	96	1.0	0.904
NC_000001.10	17912842	17912938	TTTTTAAACATC	TTTTTAAACATC	96	1.0	0.904
NC_000001.10	17912842	17912938	TTTTTAAACATC	TTTTTAAACATC	96	1.0	0.904
NC_000001.10	17912842	17912938	TTTTTAAACATC	TTTTTAAACATC	96	1.0	0.904
NC_000001.10	17912842	17912938	TTTTTAAACATC	TTTTTAAACATC	96	1.0	0.904
NC_000001.10	17912842	17912938	TTTTTAAACATC	TTTTTAAACATC	96	1.0	0.904
NC_000001.10	17912842	17912938	TTTTTAAACATC	TTTTTAAACATC	96	1.0	0.904
NC_000001.10	17912842	17912938	TTTTTAAACATC	TTTTTAAACATC	96	1.0	0.904
NC_000001.10	17912842	17912938	TTTTTAAACATC	TTTTTAAACATC	96	1.0	0.904
NC_000001.10	17912842	17912938	TTTTTAAACATC	TTTTTAAACATC	96	1.0	0.904
NC_000001.10	17912842	17912938	TTTTTAAACATC	TTTTTAAACATC	96	1.0	0.904
NC_000001.10	17912842	17912938	TTTTTAAACATC	TTTTTAAACATC	96	1.0	0.904
NC_000001.10	17912842	17912938	TTTTTAAACATC	TTTTTAAACATC	96	1.0	0.904
NC_000001.10	17912842	17912938	TTTTTAAACATC	TTTTTAAACATC	96	1.0	0.904
NC_000001.10	17912842	17912938	TTTTTAAACATC	TTTTTAAACATC	96	1.0	0.904
NC_000001.10	17912842	17912938	TTTTTAAACATC	TTTTTAAACATC	96	1.0	0.904
NC_000001.10	17912842	17912938	TTTTTAAACATC	TTTTTAAACATC	96	1.0	0.904
NC_000001.10	17912842	17912938	TTTTTAAACATC	TTTTTAAACATC	96	1.0	0.904
NC_000001.10	17912842	17912938	TTTTTAAACATC	TTTTTAAACATC	96	1.0	0.904
NC_000001.10	17912842	17912938	TTTTTAAACATC	TTTTTAAACATC	96	1.0	0.904
NC_000001.10	17912842	17912938	TTTTTAAACATC	TTTTTAAACATC	96	1.0	0.904
NC_000001.10	17912842	17912938	TTTTTAAACATC	TTTTTAAACATC	96	1.0	0.904
NC_000001.10	17912842	17912938	TTTTTAAACATC	TTTTTAAACATC	96	1.0	0.904
NC_000001.10	17912842	17912938	TTTTTAAACATC	TTTTTAAACATC	96	1.0	0.904
NC_000001.10	17912842	17912938	TTTTTAAACATC	TTTTTAAACATC	96	1.0	0.904
NC_000001.10	17912842	17912938	TTTTTAAACATC	TTTTTAAACATC	96	1.0	0.904
NC_000001.10	17912842	17912938	TTTTTAAACATC	TTTTTAAACATC	96	1.0	0.904
NC_000001.10	17912842	17912938	TTTTTAAACATC	TTTTTAAACATC	96	1.0	0.904
NC_000001.10	17912842	17912938	TTTTTAAACATC	TTTTTAAACATC	96	1.0	0.904
NC_000001.10	17912842	17912938	TTTTTAAACATC	TTTTTAAACATC	96	1.0	0.904
NC_000001.10	17912842	17912938	TTTTTAAACATC	TTTTTAAACATC	96	1.0	0.904
NC_000001.10	17912842	17912938	TTTTTAAACATC	TTTTTAAACATC	96	1.0	0.904
NC_000001.10	17912842	17912938	TTTTTAAACATC	TTTTTAAACATC	96	1.0	0.904
NC_000001.10	17912842	17912938	TTTTTAAACATC	TTTTTAAACATC	96	1.0	0.904
NC_000001.10	17912842	17912938	TTTTTAAACATC	TTTTTAAACATC	96	1.0	0.904
NC_000001.10	17912842	17912938	TTTTTAAACATC	TTTTTAAACATC	96	1.0	0.904
NC_000001.10	17912842	17912938	TTTTTAAACATC	TTTTTAAACATC	96	1.0	0.904
NC_000001.10	17912842	17912938	TTTTTAAACATC	TTTTTAAACATC	96	1.0	0.904
NC_000001.10	17912842	17912938	TTTTTAAACATC	TTTTTAAACATC	96	1.0	0.904
NC_000001.10	17912842	17912938	TTTTTAAACATC	TTTTTAAACATC	96	1.0	0.904
NC_000001.10	17912842	17912938	TTTTTAAACATC	TTTTTAAACATC	96	1.0	0.904
NC_000001.10	17912842	17912938	TTTTTAAACATC	TTTTTAAACATC	96	1.0	0.904
NC_000001.10	17912842	17912938	TTTTTAAACATC	TTTTTAAACATC	96	1.0	0.904
NC_000001.10	17912842	17912938	TTTTTAAACATC	TTTTTAAACATC	96	1.0	0.904
NC_000001.10	17912842	17912938	TTTTTAAACATC	TTTTTAAACATC	96	1.0	0.904
NC_000001.10	17912842	17912938	TTTTTAAACATC	TTTTTAAACATC	96	1.0	0.904
NC_000001.10	17912842	17912938	TTTTTAAACATC	TTTTTAAACATC	96	1.0	0.904
NC_000001.10	17912842	17912938	TTTTTAAACATC	TTTTTAAACATC	96	1.0	0.904
NC_000001.10	17912842	17912938	TTTTTAAACATC	TTTTTAAACATC	96	1.0	0.904
NC_000001.10	17912842	17912938	TTTTTAAACATC	TTTTTAAACATC	96	1.0	0.904
NC_000001.10	17912842	17912938	TTTTTAAACATC	TTTTTAAACATC	96	1.0	0.904
NC_000001.10	17912842	17912938	TTTTTAAACATC	TTTTTAAACATC	96	1.0	0.904
NC_000001.10	17912842	17912938	TTTTTAAACATC	TTTTTAAACATC	96	1.0	0.904
NC_000001.10	17912842	17912938	TTTTTAAACATC	TTTTTAAACATC	96	1.0	0.904
NC_000001.10	17912842	17912938	TTTTTAAACATC	TTTTTAAACATC	96	1.0	0.904
NC_000001.10	17912842	17912938	TTTTTAAACATC	TTTTTAAACATC	96	1.0	0.904
NC_000001.10	17912842	17912938	TTTTTAAACATC	TTTTTAAACATC	96	1.0	0.904
NC_000001.10	17912842	17912938	TTTTTAAACATC	TTTTTAAACATC	96	1.0	0.904
NC_000001.10	17912842	17912938	TTTTTAAACATC	TTTTTAAACATC	96	1.0	0.904
NC_000001.10	17912842	17912938	TTTTTAAACATC	TTTTTAAACATC	96	1.0	0.904
NC_000001.10	17912842	17912938	TTTTTAAACATC	TTTTTAAACATC	96	1.0	0.904
NC_000001.10	17912842	17912938	TTTTTAAACATC	TTTTTAAACATC	96	1.0	0.904
NC_000001.10	17912842	17912938	TTTTTAAACATC	TTTTTAAACATC	96	1.0	0.904
NC_000001.10	17912842	17912938	TTTTTAAACATC	TTTTTAAACATC	96	1.0	0.904
NC_000001.10	17912842	17912938	TTTTTAAACATC	TTTTTAAACATC	96	1.0	0.904
NC_000001.10	17912842	17912938	TTTTTAAACATC	TTTTTAAACATC	96	1.0	0.904
NC_000001.10	17912842	17912938	TTTTTAAACATC	TTTTTAAACATC	96	1.0	0.904
NC_000001.10	17912842	17912938	TTTTTAAACATC	TTTTTAAACATC	96	1.0	0.904
NC_000001.10	17912842	17912938	TTTTTAAACATC	TTTTTAAACATC	96	1.0	0.904
NC_000001.10	17912842	17912938	TTTTTAAACATC	TTTTTAAACATC	96	1.0	0.904
NC_000001.10	17912842	17912938	TTTTTAAACATC	TTTTTAAACATC	96	1.0	0.904
NC_000001.10	17912842	17912938	TTTTTAAACATC	TTTTTAAACATC	96	1.0	0.904
NC_000001.10	17912842	17912938	TTTTTAAACATC	TTTTTAAACATC	96	1.0	0.904
NC_000001.10	17912842	17912938	TTTTTAAACATC	TTTTTAAACATC	96	1.0	0.904
NC_000001.10	17912842	17912938	TTTTTAAACATC	TTTTTAAACATC	96	1.0	0.904
NC_000001.10	17912842	17912938	TTTTTAAACATC	TTTTTAAACATC	96	1.0	0.904
NC_000001.10	17912842	17912938	TTTTTAAACATC	TTTTTAAACATC	96	1.0	0.904
NC_000001.10	17912842	17912938	TTTTTAAACATC	TTTTTAAACATC	96	1.0	0.904
NC_000001.10	17912842	17912938	TTTTTAAACATC	TTTTTAAACATC	96	1.0	0.904
NC_000001.10	17912842	17912938	TTTTTAAACATC	TTTTTAAACATC	96	1.0	0.904
NC_000001.10	17912842	17912938	TTTTTAAACATC	TTTTTAAACATC	96	1.0	0.904
NC_000001.10	17912842	17912938	TTTTTAAACATC	TTTTTAAACATC	96	1.0	0.904
NC_000001.10	17912842	17912938	TTTTTAAACATC	TTTTTAAACATC	96	1.0	0.904
NC_000001.10	17912842	17912938	TTTTTAAACATC	TTTTTAAACATC	96	1.0	0.904
NC_000001.10	17912842	17912938	TTTTTAAACATC	TTTTTAAACATC	96	1.0	0.904
NC_000001.10	17912842	17912938	TTTTTAAACATC	TTTTTAAACATC	96	1.0	0.904
NC_000001.10	17912842	17912938	TTTTTAAACATC	TTTTTAAACATC	96	1.0	0.904
NC_000001.10	17912842	17912938	TTTTTAAACATC	TTTTTAAACATC	96	1.0	0.904
NC_000001.10	17912842	17912938	TTTTTAAACATC	TTTTTAAACATC	96	1.0	0.904
NC_000001.10	17912842	17912938	TTTTTAAACATC	TTTTTAAACATC	96	1.0	0.904
NC_000001.10	17912842	17912938	TTTTTAAACATC	TTTTTAAACATC	96	1.0	0.904
NC_000001.10	17912842	17912938	TTTTTAAACATC	TTTTTAAACATC	96	1.0	0.904
NC_000001.10	17912842	17912938	TTTTTAAACATC	TTTTTAAACATC	96	1.0	0.904
NC_000001.10	17912842	17912938	TTTTTAAACATC	TTTTTAAACATC	96	1.0	0.904
NC_000001.10	17912842	17912938	TTTTTAAACATC	TTTTTAAACATC	96	1.0	0.904
NC_000001.10	17912842	17912938	TTTTTAAACATC	TTTTTAAACATC	96	1.0	0.904
NC_000001.10	17912842	17912938	TTTTTAAACATC	TTTTTAAACATC	96	1.0	0.904
NC_000001.10	17912842	17912938	TTTTTAAACATC	TTTTTAAACATC	96	1.0	0.904
NC_000001.10	17912842	17912938	TTTTTAAACATC	TTTTTAAACATC	96	1.0	0.904
NC_000001.10	17912842	17912938	TTTTTAAACATC	TTTTTAAACATC	96	1.0	0.904
NC_000001.10	17912842	17912938	TTTTTAAACATC	TTTTTAAACATC	96	1.0	0.904
NC_000001.10	17912842	17912938	TTTTTAAACATC	TTTTTAAACATC	96	1.0	0.904
NC_000001.10	17912842	17912938	TTTTTAAACATC	TTTTTAAACATC	96	1.0	0.904
NC_000001.10	17912842	17912938	TTTTTAAACATC	TTTTTAAACATC	96	1.0	0.904
NC_000001.10	17912842	17912938	TTTTTAAACATC	TTTTTAAACATC	96	1.0	0.904
NC_000001.10	17912842	17912938	TTTTTAAACATC	TTTTTAAACATC	96	1.0	0.904
NC_000001.10	17912842	17912938	TTTTTAAACATC	TTTTTAAACATC	96	1.0	0.904
NC_000001.10	17912842	17912938	TTTTTAAACATC	TTTTTAAACATC	96	1.0	0.904
NC_000001.10	17912842	17912938	TTTTTAAACATC	TTTTTAAACATC	96	1.0	0.904
NC_000001.10	17912842	17912938	TTTTTAAACATC	TTTTTAAACATC	96	1.0	0.904
NC_000001.10	17912842	17912938	TTTTTAAACATC	TTTTTAAACATC	96	1.0	0.904
NC_000001.10	17912842	17912938	TTTTTAAACATC	TTTTTAAACATC	96	1.0	0.904
NC_000001.10	17912842	17912938	TTTTTAAACATC	TTTTTAAACATC	96	1.0	0.904
NC_000001.10	17912842	17912938	TTTTTAAACATC	TTTTTAAACATC	96	1.0	0.904
NC_000001.10	17912842	17912938	TTTTTAAACATC	TTTTTAAACATC	96	1.0	0.904
NC_000001.10	17912842	17912938	TTTTTAAACATC	TTTTTAAACATC	96	1.0	0.904
NC_000001.10	17912842	17912938	TTTTTAAACATC	TTTTTAAACATC	96	1.0	0.904
NC_000001.10	17912842	17912938	TTTTTAAACATC	TTTTTAAACATC	96	1.0	0.904
NC_000001.10	17912842	17912938	TTTTTAAACATC	TTTTTAAACATC	96	1.0	0.904
NC_000001.10	17912842	17912938	TTTTTAAACATC	TTTTTAAACATC	96	1.0	0.904
NC_000001.10	17912842	17912938	TTTTTAAACATC	TTTTTAAACATC	96	1.0	0.904
NC_000001.10	17912842	17912938	TTTTTAAACATC	TTTTTAAACATC	96	1.0	0.904
NC_000001.10	17912842	17912938	TTTTTAAACATC	TTTTTAAACATC	96	1.0	0.904
NC_000001.10	17912842	17912938	TTTTTAAACATC	TTTTTAAACATC	96	1.0	0.904
NC_000001.10	17912842	17912938	TTTTTAAACATC	TTTTTAAACATC	96	1.0	0.904
NC_000001.10	17912842	17912938	TTTTTAAACATC	TTTTTAAACATC	96	1.0	0.904
NC_000001.10	17912842	17912938	TTTTTAAACATC	TTTTTAAACATC	96	1.0	0.904
NC_000001.10	17912842	17912938	TTTTTAAACATC	TTTTTAAACATC	96	1.0	0.904
NC_000001.10	17912842	17912938	TTTTTAAACATC	TTTTTAAACATC	96	1.0	0.904
NC_000001.10	17912842	17912938	TTTTTAAACATC	TTTTTAAACATC	96	1.0	0.904
NC_000001.10	17912842	17912938	TTTTTAAACATC	TTTTTAAACATC	96	1.0	0.904
NC_000001.10	17912842	17912938	TTTTTAAACATC	TTTTTAAACATC	96	1.0	0.904
NC_000001.10	17912842	17912938	TTTTTAAACATC	TTTTTAAACATC	96	1.0	0.904
NC_000001.10	17912842	17912938	TTTTTAAACATC	TTTTTAAACATC	96	1.0	0.904
NC_000001.10	17912842	17912938	TTTTTAAACATC	TTTTTAAACATC	96	1.0	0.904
NC_000001.10	17912842	17912938	TTTTTAAACATC	TTTTTAAACATC	96	1.0	0.904
NC_000001.10	17912842	17912938	TTTTTAAACATC	TTTTTAAACATC	96	1.0	0.904
NC_000001.10	17912842	17912938	TTTTTAAACATC	TTTTTAAACATC	96	1.0	0.904
NC_000001.10	17912842	17912938	TTTTTAAACATC	TTTTTAAACATC	96	1.0	0.904
NC_000001.10	17912842	17912938	TTTTTAAACATC	TTTTTAAACATC	96	1.0	0.904
NC_000001.10	17912842	17912938	TTTTTAAACATC	TTTTTAAACATC	96	1.0	0.904
NC_000001.10	17912842	17912938	TTTTTAAACATC	TTTTTAAACATC	96	1.0	0.904
NC_000001.10	17912842	17912938	TTTTTAAACATC	TTTTTAAACATC	96	1.0	0.904
NC_000001.10	17912842	17912938	TTTTTAAACATC	TTTTTAAACATC	96	1.0	0.904
NC_000001.10	17912842	17912938	TTTTTAAACATC	TTTTTAAACATC	96	1.0	0.904
NC_000001.10	17912842	17912938	TTTTTAAACATC	TTTTTAAACATC	96	1.0	0.904
NC_000001.10	17912842	17912938	TTTTTAAACATC	TTTTTAAACATC	96	1.0	0.904
NC_000001.10	17912842	17912938	TTTTTAAACATC	TTTTTAAACATC	96	1.0	0.904
NC_000001.10	17912842	17912938	TTTTTAAACATC	TTTTTAAACATC	96	1.0	0.904
NC_000001.10	17912842	17912938	TTTTTAAACATC	TTTTTAAACATC	96	1.0	0.904
NC_000001.10	17912842	17912938	TTTTTAAACATC	TTTTTAAACATC	96	1.0	0.904
NC_000001.10	17912842	17912938	TTTTTAAACATC	TTTTTAAACATC	96	1.0	0.904
NC_000001.10	17912842	17912938	TTTTTAAACATC	TTTTTAAACATC	96	1.0	0.904
NC_000001.10	17912842	17912938	TTTTTAAACATC	TTTTTAAACATC	96	1.0	0.904
NC_000001.10	17912842	17912938	TTTTTAAACATC	TTTTTAAACATC	96	1.0	0.904
NC_000001.10	17912842	17912938	TTTTTAAACATC	TTTTTAAACATC	96	1.0	0.904
NC_000001.10	17912842	17912938	TTTTTAAACATC	TTTTTAAACATC	96	1.0	0.904
NC_000001.10	17912842	17912938	TTTTTAAACATC	TTTTTAAACATC	96	1.0	0.904
NC_000001.10	17912842	17912938	TTTTTAAACATC	TTTTTAAACATC	96	1.0	0.904
NC_000001.10	17912842	17912938	TTTTTAAACATC	TTTTTAAACATC	96	1.0	0.904
NC_000001.10	17912842	17912938	TTTTTAAACATC	TTTTTAAACATC	96	1.0	0.904
NC_000001.10	17912842	17912938	TTTTTAAACATC	TTTTTAAACATC	96	1.0	0.904
NC_000001.10	17912842	17912938	TTTTTAAACATC	TTTTTAAACATC	96	1.0	0.904
NC_000001.10	17912842	17912938	TTTTTAAACATC	TTTTTAAACATC	96	1.0	0.904
NC_000001.10	17912842	17912938	TTTTTAAACATC	TTTTTAAACATC	96	1.0	0.904
NC_000001.10	17912842	17912938	TTTTTAAACATC	TTTTTAAACATC	96	1.0	0.904
NC_000001.10	17912842	17912938	TTTTTAAACATC	TTTTTAAACATC	96	1.0	0.904
NC_000001.10	17912842	17912938	TTTTTAAACATC	TTTTTAAACATC	96	1.0	0.904
NC_000001.10	17912842	17912938	TTTTTAAACATC	TTTTTAAACATC	96	1.0	0.904
NC_000001.10	17912842	17912938	TTTTTAAACATC	TTTTTAAACATC	96	1.0	0.904
NC_000001.10	17912842	17912938	TTTTTAAACATC	TTTTTAAACATC	96	1.0	0.904
NC_000001.10	17912842	17912938	TTTTTAAACATC	TTTTTAAACATC	96	1.0	0.904
NC_000001.10	17912842	17912938	TTTTTAAACATC	TTTTTAAACATC	96	1.0	0.904
NC_000001.10	17912842	17912938	TTTTTAAACATC	TTTTTAAACATC	96	1.0	0.904
NC_000001.10	17912842	17912938	TTTTTAAACATC	TTTTTAAACATC	96	1.0	0.904
NC_000001.10	17912842	17912938	TTTTTAAACATC	TTTTTAAACATC	96	1.0	0.904
NC_000001.10	17912842	17912938	TTTTTAAACATC	TTTTTAAACATC	96	1.0	0.904
NC_000001.10	17912842	17912938	TTTTTAAACATC	TTTTTAAACATC	96	1.0	0.904
NC_000001.10	17912842	17912938	TTTTTAAACATC	TTTTTAAACATC	96	1.0	0.904
NC_000001.10	17912842	17912938	TTTTTAAACATC	TTTTTAAACATC	96	1.0	0.904
NC_000001.10	17912842	17912938	TTTTTAAACATC	TTTTTAAACATC	96	1.0	0.904
NC_000001.10	17912842	17912938	TTTTTAAACATC	TTTTTAAACATC	96	1.0	0.904
NC_000001.10	17912842	17912938	TTTTTAAACATC	TTTTTAAACATC	96	1.0	0.904
NC_000001.10	17912842	17912938	TTTTTAAACATC	TTTTTAAACATC	96	1.0	0.904
NC_000001.10	17912842	17912938	TTTTTAAACATC	TTTTTAAACATC	96	1.0	0.904
NC_000001.10	17912842	17912938	TTTTTAAACATC	TTTTTAAACATC	96	1.0	0.904
NC_000001.10	17912842	17912938	TTTTTAAACATC	TTTTTAAACATC	96	1.0	0.904
NC_000001.10	17912842	17912938	TTTTTAAACATC	TTTTTAAACATC	96	1.0	0.904
NC_000001.10	17912842	17912938	TTTTTAAACATC	TTTTTAAACATC	96	1.0	0.904
NC_000001.10	17912842	17912938	TTTTTAAACATC	TTTTTAAACATC	96	1.0	0.904
NC_000001.10	17912842	17912938	TTTTTAAACATC	TTTTTAAACATC	96	1.0	0.904
NC_000001.10	17912842	17912938	TTTTTAAACATC	TTTTTAAACATC	96	1.0	0.904
NC_000001.10	17912842	17912938	TTTTTAAACATC	TTTTTAAACATC	96	1.0	0.904
NC_000001.10	17912842	17912938	TTTTTAAACATC	TTTTTAAACATC	96	1.0	0.904
NC_000001.10	17912842	17912938	TTTTTAAACATC	TTTTTAAACATC	96	1.0	0.904
NC_000001.10	17912842	17912938	TTTTTAAACATC	TTTTTAAACATC	96	1.0	0.904
NC_000001.10	17912842	17912938	TTTTTAAACATC	TTTTTAAACATC	96	1.0	0.904
NC_000001.10	17912842	17912938	TTTTTAAACATC	TTTTTAAACATC	96	1.0	0.904
NC_000001.10	17912842	17912938	TTTTTAAACATC	TTTTTAAACATC	96	1.0	0.904
NC_000001.10	17912842	17912938	TTTTTAAACATC	TTTTTAAACATC	96	1.0	0.904
NC_000001.10	17912842	17912938	TTTTTAAACATC	TTTTTAAACATC	96	1.0	0.904
NC_000001.10	17912842	17912938	TTTTTAAACATC	TTTTTAAACATC	96	1.0	0.904
NC_000001.10	17912842	17912938	TTTTTAAACATC	TTTTTAAACATC	96	1.0	0.904
NC_000001.10	17912842	17912938	TTTTTAAACATC	TTTTTAAACATC	96	1.0	0.904
NC_000001.10	17912842	17912938	TTTTTAAACATC	TTTTTAAACATC	96	1.0	0.904
NC_000001.10	17912842	17912938	TTTTTAAACATC	TTTTTAAACATC	96	1.0	0.904
NC_000001.10	17912842	17912938	TTTTTAAACATC	TTTTTAAACATC	96	1.0	0.904
NC_000001.10	17912842	17912938	TTTTTAAACATC	TTTTTAAACATC	96	1.0	0.904
NC_000001.10	17912842	17912938	TTTTTAAACATC	TTTTTAAACATC	96	1.0	0.904
NC_000001.10	17912842	17912938	TTTTTAAACATC	TTTTTAAACATC	96	1.0	0.904
NC_000001.10	17912842	17912938	TTTTTAAACATC	TTTTTAAACATC	96	1.0	0.904
NC_000001.10	17912842	17912938	TTTTTAAACATC	TTTTTAAACATC	96	1.0	0.904
NC_000001.10	17912842	17912938	TTTTTAAACATC	TTTTTAAACATC	96	1.0	0.904
NC_000001.10	17912842	17912938	TTTTTAAACATC	TTTTTAAACATC	96	1.0	0.904
NC_000001.10	17912842	17912938	TTTTTAAACATC	TTTTTAAACATC	96	1.0	0.904
NC_000001.10	17912842	17912938	TTTTTAAACATC	TTTTTAAACATC	96	1.0	0.904
NC_000001.10	17912842	17912938	TTTTTAAACATC	TTTTTAAACATC	96	1.0	0.904
NC_000001.10	17912842	17912938	TTTTTAAACATC	TTTTTAAACATC	96	1.0	0.904
NC_000001.10	17912842	17912938	TTTTTAAACATC	TTTTTAAACATC	96	1.0	0.904
NC_000001.10	17912842	17912938	TTTTTAAACATC	TTTTTAAACATC	96	1.0	0.904
NC_000001.10	17912842	17912938	TTTTTAAACATC	TTTTTAAACATC	96	1.0	0.904
NC_000001.10	17912842	17912938	TTTTTAAACATC	TTTTTAAACATC	96	1.0	0.904
NC_000001.10	17912842	17912938	TTTTTAAACATC	TTTTTAAACATC	96	1.0	0.904
NC_000001.10	17912842	17912938	TTTTTAAACATC	TTTTTAAACATC	96	1.0	0.904
NC_000001.10	17912842	17912938	TTTTTAAACATC	TTTTTAAACATC	96	1.0	0.904
NC_000001.10	17912842	17912938	TTTTTAAACATC	TTTTTAAACATC	96	1.0	0.904
NC_000001.10	17912842	17912938	TTTTTAAACATC	TTTTTAAACATC	96	1.0	0.904
NC_000001.10	17912842	17912938	TTTTTAAACATC	TTTTTAAACATC	96	1.0	0.904
NC_000001.10	17912842	17912938	TTTTTAAACATC	TTTTTAAACATC	96	1.0	0.904
NC_000001.10	17912842	17912938	TTTTTAAACATC	TTTTTAAACATC	96	1.0	0.904
NC_000001.10	17912842	17912938	TTTTTAAACATC	TTTTTAAACATC	96	1.0	0.904
NC_000001.10	17912842	17912938	TTTTTAAACATC	TTTTTAAACATC	96	1.0	0.904
NC_000001.10	17912842	17912938	TTTTTAAACATC	TTTTTAAACATC	96	1.0	0.904
NC_000001.10	17912842	17912938	TTTTTAAACATC	TTTTTAAACATC	96	1.0	0.904
NC_000001.10	17912842	17912938	TTTTTAAACATC	TTTTTAAACATC	96	1.0	0.904
NC_000001.10	17912842	17912938	TTTTTAAACATC	TTTTTAAACATC	96	1.0	0.904
NC_000001.10	17912842	17912938	TTTTTAAACATC	TTTTTAAACATC	96	1.0	0.904
NC_000001.10	17912842	17912938	TTTTTAAACATC	TTTTTAAACATC	96	1.0	0.904
NC_000001.10	17912842	17912938	TTTTTAAACATC	TTTTTAAACATC	96	1.0	0.904
NC_000001.10	17912842	17912938	TTTTTAAACATC	TTTTTAAACATC	96	1.0	0.904
NC_000001.10	17912842	17912938	TTTTTAAACATC	TTTTTAAACATC	96	1.0	0.904
NC_000001.10	17912842	17912938	TTTTTAAACATC	TTTTTAAACATC	96	1.0	0.904
NC_000001.10	17912842	17912938	TTTTTAAACATC	TTTTTAAACATC	96	1.0	0.904
NC_000001.10	17912842	17912938	TTTTTAAACATC	TTTTTAAACATC	96	1.0	0.904
NC_000001.10	17912842	17912938	TTTTTAAACATC	TTTTTAAACATC	96	1.0	0.904
NC_000001.10	17912842	17912938	TTTTTAAACATC	TTTTTAAACATC	96	1.0	0.904
NC_000001.10	17912842	17912938	TTTTTAAACATC	TTTTTAAACATC	96	1.0	0.904
NC_000001.10	17912842	17912938	TTTTTAAACATC	TTTTTAAACATC	96	1.0	0.904
NC_000001.10	17912842	17912938	TTTTTAAACATC	TTTTTAAACATC	96	1.0	0.904
NC_000001.10	17912842	17912938	TTTTTAAACATC	TTTTTAAACATC	96	1.0	0.904
NC_000001.10	17912842	17912938	TTTTTAAACATC	TTTTTAAACATC	96	1.0	0.904
NC_000001.10	17912842	17912938	TTTTTAAACATC	TTTTTAAACATC	96	1.0	0.904
NC_000001.10	17912842	17912938	TTTTTAAACATC	TTTTTAAACATC	96	1.0	0.904
NC_000001.10	17912842	17912938	TTTTTAAACATC	TTTTTAAACATC	96	1.0	0.904
NC_000001.10	17912842	17912938	TTTTTAAACATC	TTTTTAAACATC	96	1.0	0.904
NC_000001.10	17912842	17912938	TTTTTAAACATC	TTTTTAAACATC	96	1.0	0.904
NC_000001.10	17912842	17912938	TTTTTAAACATC	TTTTTAAACATC	96	1.0	0.904
NC_000001.10	17912842	17912938	TTTTTAAACATC	TTTTTAAACATC	96	1.0	0.904
NC_000001.10	17912842	17912938	TTTTTAAACATC	TTTTTAAACATC	96	1.0	0.904
NC_000001.10	17912842	17912938	TTTTTAAACATC	TTTTTAAACATC	96	1.0	0.904
NC_000001.10	17912842	17912938	TTTTTAAACATC	TTTTTAAACATC	96	1.0	0.904
NC_000001.10	17912842	17912938	TTTTTAAACATC	TTTTTAAACATC	96	1.0	0.904
NC_000001.10	17912842	17912938	TTTTTAAACATC	TTTTTAAACATC	96	1.0	0.904
NC_000001.10	17912842	17912938	TTTTTAAACATC	TTTTTAAACATC	96	1.0	0.904
NC_000001.10	17912842	17912938	TTTTTAAACATC	TTTTTAAACATC	96	1.0	0.904
NC_000001.10	17912842	17912938	TTTTTAAACATC	TTTTTAAACATC	96	1.0	0.904
NC_000001.10	17912842	17912938	TTTTTAAACATC	TTTTTAAACATC	96	1.0	0.904
NC_000001.10	17912842	17912938	TTTTTAAACATC	TTTTTAAACATC	96	1.0	0.904
NC_000001.10	17912842	17912938	TTTTTAAACATC	TTTTTAAACATC	96	1.0	0.904
NC_000001.10	17912842	17912938	TTTTTAAACATC	TTTTTAAACATC	96	1.0	0.904
NC_000001.10	17912842	17912938	TTTTTAAACATC	TTTTTAAACATC	96	1.0	0.904
NC_000001.10	17912842	17912938	TTTTTAAACATC	TTTTTAAACATC	96	1.0	0.904
NC_000001.10	17912842	17912938	TTTTTAAACATC	TTTTTAAACATC	96	1.0	0.904
NC_000001.10	17912842	17912938	TTTTTAAACATC	TTTTTAAACATC	96	1.0	0.904
NC_000001.10	17912842	17912938	TTTTTAAACATC	TTTTTAAACATC	96	1.0	0.904
NC_000001.10	17912842	17912938	TTTTTAAACATC	TTTTTAAACATC	96	1.0	0.904
NC_000001.10	17912842	17912938	TTTTTAAACATC	TTTTTAAACATC	96	1.0	0.904
NC_000001.10	17912842	17912938	TTTTTAAACATC	TTTTTAAACATC	96	1.0	0.904
NC_000001.10	17912842	17912938	TTTTTAAACATC	TTTTTAAACATC	96	1.0	0.904
NC_000001.10	17912842	17912938	TTTTTAAACATC	TTTTTAAACATC	96	1.0	0.904
NC_000001.10	17912842	17912938	TTTTTAAACATC	TTTTTAAACATC	96	1.0	0.904
NC_000001.10	17912842	17912938	TTTTTAAACATC	TTTTTAAACATC	96	1.0	0.904
NC_000001.10	17912842	17912938	TTTTTAAACATC	TTTTTAAACATC	96	1.0	0.904
NC_000001.10	17912842	17912938	TTTTTAAACATC	TTTTTAAACATC	96	1.0	0.904
NC_000001.10	17912842	17912938	TTTTTAAACATC	TTTTTAAACATC	96	1.0	0.904
NC_000001.10	17912842	17912938	TTTTTAAACATC	TTTTTAAACATC	96	1.0	0.904
NC_000001.10	17912842	17912938	TTTTTAAACATC	TTTTTAAACATC	96	1.0	0.904
NC_000001.10	17912842	17912938	TTTTTAAACATC	TTTTTAAACATC	96	1.0	0.904
NC_000001.10	17912842	17912938	TTTTTAAACATC	TTTTTAAACATC	96	1.0	0.904
NC_000001.10	17912842	17912938	TTTTTAAACATC	TTTTTAAACATC	96	1.0	0.904
NC_000001.10	17912842	17912938	TTTTTAAACATC	TTTTTAAACATC	96	1.0	0.904
NC_000001.10	17912842	17912938	TTTTTAAACATC	TTTTTAAACATC	96	1.0	0.904
NC_000001.10	17912842	17912938	TTTTTAAACATC	TTTTTAAACATC	96	1.0	0.904
NC_000001.10	17912842	17912938	TTTTTAAACATC	TTTTTAAACATC	96	1.0	0.904
NC_000001.10	17912842	17912938	TTTTTAAACATC	TTTTTAAACATC	96	1.0	0.904
NC_000001.10	17912842	17912938	TTTTTAAACATC	TTTTTAAACATC	96	1.0	0.904
NC_000001.10	17912842	17912938	TTTTTAAACATC	TTTTTAAACATC	96	1.0	0.904
NC_000001.10	17912842	17912938	TTTTTAAACATC	TTTTTAAACATC	96	1.0	0.904
NC_000001.10	17912842	17912938	TTTTTAAACATC	TTTTTAAACATC	96	1.0	0.904
NC_000001.10	17912842	17912938	TTTTTAAACATC	TTTTTAAACATC	96	1.0	0.904
NC_000001.10	17912842	17912938	TTTTTAAACATC	TTTTTAAACATC	96	1.0	0.904
NC_000001.10	17912842	17912938	TTTTTAAACATC	TTTTTAAACATC	96	1.0	0.904
NC_000001.10	17912842	17912938	TTTTTAAACATC	TTTTTAAACATC	96	1.0	0.904
NC_000001.10	17912842	17912938	TTTTTAAACATC	TTTTTAAACATC	96	1.0	0.904
NC_000001.10	17912842	17912938	TTTTTAAACATC	TTTTTAAACATC	96	1.0	0.904
NC_000001.10	17912842	17912938	TTTTTAAACATC	TTTTTAAACATC	96	1.0	0.904
NC_000001.10	17912842	17912938	TTTTTAAACATC	TTTTTAAACATC	96	1.0	0.904
NC_000001.10	17912842	17912938	TTTTTAAACATC	TTTTTAAACATC	96	1.0	0.904
NC_000001.10	17912842	17912938	TTTTTAAACATC	TTTTTAAACATC	96	1.0	0.904
NC_000001.10	17912842	17912938	TTTTTAAACATC	TTTTTAAACATC	96	1.0	0.904
NC_000001.10	17912842	17912938	TTTTTAAACATC	TTTTTAAACATC	96	1.0	0.904
NC_000001.10	17912842	17912938	TTTTTAAACATC	TTTTTAAACATC	96	1.0	0.904
NC_000001.10	17912842	17912938	TTTTTAAACATC	TTTTTAAACATC	96	1.0	0.904
NC_000001.10	17912842	17912938	TTTTTAAACATC	TTTTTAAACATC	96	1.0	0.904
NC_000001.10	17912842	17912938	TTTTTAAACATC	TTTTTAAACATC	96	1.0	0.904
NC_000001.10	17912842	17912938	TTTTTAAACATC	TTTTTAAACATC	96	1.0	0.904
NC_000001.10	17912842	17912938	TTTTTAAACATC	TTTTTAAACATC	96	1.0	0.904
NC_000001.10	17912842	17912938	TTTTTAAACATC	TTTTTAAACATC	96	1.0	0.904
NC_000001.10	17912842	17912938	TTTTTAAACATC	TTTTTAAACATC	96	1.0	0.904
NC_000001.10	17912842	17912938	TTTTTAAACATC	TTTTTAAACATC	96	1.0	0.904
NC_000001.10	17912842	17912938	TTTTTAAACATC	TTTTTAAACATC	96	1.0	0.904
NC_000001.10	17912842	17912938	TTTTTAAACATC	TTTTTAAACATC	96	1.0	0.904
NC_000001.10	17912842	17912938	TTTTTAAACATC	TTTTTAAACATC	96	1.0	0.904
NC_000001.10	17912842	17912938	TTTTTAAACATC	TTTTTAAACATC	96	1.0	0.904
NC_000001.10	17912842	17912938	TTTTTAAACATC	TTTTTAAACATC	96	1.0	0.904
NC_000001.10	17912842	17912938	TTTTTAAACATC	TTTTTAAACATC	96	1.0	0.904
NC_000001.10	17912842	17912938	TTTTTAAACATC	TTTTTAAACATC	96	1.0	0.904
NC_000001.10	17912842	17912938	TTTTTAAACATC	TTTTTAAACATC	96	1.0	0.904
NC_000001.10	17912842	17912938	TTTTTAAACATC	TTTTTAAACATC	96	1.0	0.904
NC_000001.10	17912842	17912938	TTTTTAAACATC	TTTTTAAACATC	96	1.0	0.904
NC_000001.10	17912842	17912938	TTTTTAAACATC	TTTTTAAACATC	96	1.0	0.904
NC_000001.10	17912842	17912938	TTTTTAAACATC	TTTTTAAACATC	96	1.0	0.904
NC_000001.10	17912842	17912938	TTTTTAAACATC	TTTTTAAACATC	96	1.0	0.904
NC_000001.10	17912842	17912938	TTTTTAAACATC	TTTTTAAACATC	96	1.0	0.904
NC_000001.10	17912842	17912938	TTTTTAAACATC	TTTTTAAACATC	96	1.0	0.904
NC_000001.10	17912842	17912938	TTTTTAAACATC	TTTTTAAACATC	96	1.0	0.904
NC_000001.10	17912842	17912938	TTTTTAAACATC	TTTTTAAACATC	96	1.0	0.904
NC_000001.10	17912842	17912938	TTTTTAAACATC	TTTTTAAACATC	96	1.0	0.904
NC_000001.10	17912842	17912938	TTTTTAAACATC	TTTTTAAACATC	96	1.0	0.904
NC_000001.10	17912842	17912938	TTTTTAAACATC	TTTTTAAACATC	96	1.0	0.904
NC_000001.10	17912842	17912938	TTTTTAAACATC	TTTTTAAACATC	96	1.0	0.904
NC_000001.10	17912842	17912938	TTTTTAAACATC	TTTTTAAACATC	96	1.0	0.904
NC_000001.10	17912842	17912938	TTTTTAAACATC	TTTTTAAACATC	96	1.0	0.904
NC_000001.10	17912842	17912938	TTTTTAAACATC	TTTTTAAACATC	96	1.0	0.904
NC_000001.10	17912842	17912938	TTTTTAAACATC	TTTTTAAACATC	96	1.0	0.904
NC_000001.10	17912842	17912938	TTTTTAAACATC	TTTTTAAACATC	96	1.0	0.904
NC_000001.10	17912842	17912938	TTTTTAAACATC	TTTTTAAACATC	96	1.0	0.904
NC_000001.10	17912842	17912938	TTTTTAAACATC	TTTTTAAACATC	96	1.0	0.904
NC_000001.10	17912842	17912938	TTTTTAAACATC	TTTTTAAACATC	96	1.0	0.904
NC_000001.10	17912842	17912938	TTTTTAAACATC	TTTTTAAACATC	96	1.0	0.904
NC_000001.10	17912842	17912938	TTTTTAAACATC	TTTTTAAACATC	96	1.0	0.904
NC_000001.10	17912842	17912938	TTTTTAAACATC	TTTTTAAACATC	96	1.0	0.904
NC_000001.10	17912842	17912938	TTTTTAAACATC	TTTTTAAACATC	96	1.0	0.904
NC_000001.10	17912842	17912938	TTTTTAAACATC	TTTTTAAACATC	96	1.0	0.904
NC_000001.10	17912842	17912938	TTTTTAAACATC	TTTTTAAACATC	96	1.0	0.904
NC_000001.10	17912842	17912938	TTTTTAAACATC	TTTTTAAACATC	96	1.0	0.904
NC_000001.10	17912842	17912938	TTTTTAAACATC	TTTTTAAACATC	96	1.0	0.904
NC_000001.10	17912842	17912938	TTTTTAAACATC	TTTTTAAACATC	96	1.0	0.904
NC_000001.10	17912842	17912938	TTTTTAAACATC	TTTTTAAACATC	96	1.0	0.904
NC_000001.10	17912842	17912938	TTTTTAAACATC	TTTTTAAACATC	96	1.0	0.904
NC_000001.10	17912842	17912938	TTTTTAAACATC	TTTTTAAACATC	96	1.0	0.904
NC_000001.10	17912842	17912938	TTTTTAAACATC	TTTTTAAACATC	96	1.0	0.904
NC_000001.10	17912842	17912938	TTTTTAAACATC	TTTTTAAACATC	96	1.0	0.904
NC_000001.10	17912842	17912938	TTTTTAAACATC	TTTTTAAACATC	96	1.0	0.904
NC_000001.10	17912842	17912938	TTTTTAAACATC	TTTTTAAACATC	96	1.0	0.904
NC_000001.10	17912842	17912938	TTTTTAAACATC	TTTTTAAACATC	96	1.0	0.904
NC_000001.10	17912842	17912938	TTTTTAAACATC	TTTTTAAACATC	96	1.0	0.904
NC_000001.10	17912842	17912938	TTTTTAAACATC	TTTTTAAACATC	96	1.0	0.904
NC_000001.10	17912842	17912938	TTTTTAAACATC	TTTTTAAACATC	96	1.0	0.904
NC_000001.10	17912842	17912938	TTTTTAAACATC	TTTTTAAACATC	96	1.0	0.904
NC_000001.10	17912842	17912938	TTTTTAAACATC	TTTTTAAACATC	96	1.0	0.904
NC_000001.10	17912842	17912938	TTTTTAAACATC	TTTTTAAACATC	96	1.0	0.904
NC_000001.10	17912842	17912938	TTTTTAAACATC	TTTTTAAACATC	96	1.0	0.904
NC_000001.10	17912842	17912938	TTTTTAAACATC	TTTTTAAACATC	96	1.0	0.904
NC_000001.10	17912842	17912938	TTTTTAAACATC	TTTTTAAACATC	96	1.0	0.904
NC_000001.10	17912842	17912938	TTTTTAAACATC	TTTTTAAACATC	96	1.0	0.904
NC_000001.10	17912842	17912938	TTTTTAAACATC	TTTTTAAACATC	96	1.0	0.904
NC_000001.10	17912842	17912938	TTTTTAAACATC	TTTTTAAACATC	96	1.0	0.904
NC_000001.10	17912842	17912938	TTTTTAAACATC	TTTTTAAACATC	96	1.0	0.904
NC_000001.10	17912842	17912938	TTTTTAAACATC	TTTTTAAACATC	96	1.0	0.904
NC_000001.10	17912842	17912938	TTTTTAAACATC	TTTTTAAACATC	96	1.0	0.904
NC_000001.10	17912842	17912938	TTTTTAAACATC	TTTTTAAACATC	96	1.0	0.904
NC_000001.10	17912842	17912938	TTTTTAAACATC	TTTTTAAACATC	96	1.0	0.904
NC_000001.10	17912842	17912938	TTTTTAAACATC	TTTTTAAACATC	96	1.0	0.904
NC_000001.10	17912842	17912938	TTTTTAAACATC	TTTTTAAACATC	96	1.0	0.904
NC_000001.10	17912842	17912938	TTTTTAAACATC	TTTTTAAACATC	96	1.0	0.904
NC_000001.10	17912842	17912938	TTTTTAAACATC	TTTTTAAACATC	96	1.0	0.904
NC_000001.10	17912842	17912938	TTTTTAAACATC	TTTTTAAACATC	96	1.0	0.904
NC_000001.10	17912842	17912938	TTTTTAAACATC	TTTTTAAACATC	96	1.0	0.904
NC_000001.10	17912842	17912938	TTTTTAAACATC	TTTTTAAACATC	96	1.0	0.904
NC_000001.10	17912842	17912938	TTTTTAAACATC	TTTTTAAACATC	96	1.0	0.904
NC_000001.10	17912842	17912938	TTTTTAAACATC	TTTTTAAACATC	96	1.0	0.904
NC_000001.10	17912842	17912938	TTTTTAAACATC	TTTTTAAACATC	96	1.0	0.904
NC_000001.10	17912842	17912938	TTTTTAAACATC	TTTTTAAACATC	96	1.0	0.904
NC_000001.10	17912842	17912938	TTTTTAAACATC	TTTTTAAACATC	96	1.0	0.904
NC_000001.10	17912842	17912938	TTTTTAAACATC	TTTTTAAACATC	96	1.0	0.904
NC_000001.10	17912842	17912938	TTTTTAAACATC	TTTTTAAACATC	96	1.0	0.904
NC_000001.10	17912842	17912938	TTTTTAAACATC	TTTTTAAACATC	96	1.0	0.904
NC_000001.10	17912842	17912938	TTTTTAAACATC	TTTTTAAACATC	96	1.0	0.904
NC_000001.10	17912842	17912938	TTTTTAAACATC	TTTTTAAACATC	96	1.0	0.904
NC_000001.10	17912842	17912938	TTTTTAAACATC	TTTTTAAACATC	96	1.0	0.904
NC_000001.10	17912842	17912938	TTTTTAAACATC	TTTTTAAACATC	96	1.0	0.904
NC_000001.10	17912842	17912938	TTTTTAAACATC	TTTTTAAACATC	96	1.0	0.904
NC_000001.10	17912842	17912938	TTTTTAAACATC	TTTTTAAACATC	96	1.0	0.904
NC_000001.10	17912842	17912938	TTTTTAAACATC	TTTTTAAACATC	96	1.0	0.904
NC_000001.10	17912842	17912938	TTTTTAAACATC	TTTTTAAACATC	96	1.0	0.904
NC_000001.10	17912842	17912938	TTTTTAAACATC	TTTTTAAACATC	96	1.0	0.904
NC_000001.10	17912842	17912938	TTTTTAAACATC	TTTTTAAACATC	96	1.0	0.904
NC_000001.10	17912842	17912938	TTTTTAAACATC	TTTTTAAACATC	96	1.0	0.904
NC_000001.10	17912842	17912938	TTTTTAAACATC	TTTTTAAACATC	96	1.0	0.904
NC_000001.10	17912842	17912938	TTTTTAAACATC	TTTTTAAACATC	96	1.0	0.904
NC_000001.10	17912842	17912938	TTTTTAAACATC	TTTTTAAACATC	96	1.0	0.904
NC_000001.10	17912842	17912938	TTTTTAAACATC	TTTTTAAACATC	96	1.0	0.904
NC_000001.10	17912842	17912938	TTTTTAAACATC	TTTTTAAACATC	96	1.0	0.904
NC_000001.10	17912842	17912938	TTTTTAAACATC	TTTTTAAACATC	96	1.0	0.904
NC_000001.10	17912842	17912938	TTTTTAAACATC	TTTTTAAACATC	96	1.0	0.904
NC_000001.10	17912842	17912938	TTTTTAAACATC	TTTTTAAACATC	96	1.0	0.904
NC_000001.10	17912842	17912938	TTTTTAAACATC	TTTTTAAACATC	96	1.0	0.904
NC_000001.10	17912842	17912938	TTTTTAAACATC	TTTTTAAACATC	96	1.0	0.904
NC_000001.10	17912842	17912938	TTTTTAAACATC	TTTTTAAACATC	96	1.0	0.904
NC_000001.10	17912842	17912938	TTTTTAAACATC	TTTTTAAACATC	96	1.0	0.904
NC_000001.10	17912842	17912938	TTTTTAAACATC	TTTTTAAACATC	96	1.0	0.904
NC_000001.10	17912842	17912938	TTTTTAAACATC	TTTTTAAACATC	96	1.0	0.904
NC_000001.10	17912842	17912938	TTTTTAAACATC	TTTTTAAACATC	96	1.0	0.904
NC_000001.10	17912842	17912938	TTTTTAAACATC	TTTTTAAACATC	96	1.0	0.904
NC_000001.10	17912842	17912938	TTTTTAAACATC	TTTTTAAACATC	96	1.0	0.904
NC_000001.10	17912842	17912938	TTTTTAAACATC	TTTTTAAACATC	96	1.0	0.904
NC_000001.10	17912842	17912938	TTTTTAAACATC	TTTTTAAACATC	96	1.0	0.904
NC_000001.10	17912842	17912938	TTTTTAAACATC	TTTTTAAACATC	96	1.0	0.904
NC_000001.10	17912842	17912938	TTTTTAAACATC	TTTTTAAACATC	96	1.0	0.904
NC_000001.10	17912842	17912938	TTTTTAAACATC	TTTTTAAACATC	96	1.0	0.904
NC_000001.10	17912842	17912938	TTTTTAAACATC	TTTTTAAACATC	96	1.0	0.904
NC_000001.10	17912842	17912938	TTTTTAAACATC	TTTTTAAACATC	96	1.0	0.904
NC_000001.10	17912842	17912938	TTTTTAAACATC	TTTTTAAACATC	96	1.0	0.904
NC_000001.10	17912842	17912938	TTTTTAAACATC	TTTTTAAACATC	96	1.0	0.904
NC_000001.10	17912842	17912938	TTTTTAAACATC	TTTTTAAACATC	96	1.0	0.904
NC_000001.10	17912842	17912938	TTTTTAAACATC	TTTTTAAACATC	96	1.0	0.904
NC_000001.10	17912842	17912938	TTTTTAAACATC	TTTTTAAACATC	96	1.0	0.904
NC_000001.10	17912842	17912938	TTTTTAAACATC	TTTTTAAACATC	96	1.0	0.904
NC_000001.10	17912842	17912938	TTTTTAAACATC	TTTTTAAACATC	96	1.0	0.904
NC_000001.10	17912842	17912938	TTTTTAAACATC	TTTTTAAACATC	96	1.0	0.904
NC_000001.10	17912842	17912938	TTTTTAAACATC	TTTTTAAACATC	96	1.0	0.904
NC_000001.10	17912842	17912938	TTTTTAAACATC	TTTTTAAACATC	96	1.0	0.904
NC_000001.10	17912842	17912938	TTTTTAAACATC	TTTTTAAACATC	96	1.0	0.904
NC_000001.10	17912842	17912938	TTTTTAAACATC	TTTTTAAACATC	96	1.0	0.904
NC_000001.10	17912842	17912938	TTTTTAAACATC	TTTTTAAACATC	96	1.0	0.904
NC_000001.10	17912842	17912938	TTTTTAAACATC	TTTTTAAACATC	96	1.0	0.904
NC_000001.10	17912842	17912938	TTTTTAAACATC	TTTTTAAACATC	96	1.0	0.904
NC_000001.10	17912842	17912938	TTTTTAAACATC	TTTTTAAACATC	96	1.0	0.904
NC_000001.10	17912842	17912938	TTTTTAAACATC	TTTTTAAACATC	96	1.0	0.904
NC_000001.10	17912842	17912938	TTTTTAAACATC	TTTTTAAACATC	96	1.0	0.904
NC_000001.10	17912842	17912938	TTTTTAAACATC	TTTTTAAACATC	96	1.0	0.904
NC_000001.10	17912842	17912938	TTTTTAAACATC	TTTTTAAACATC	96	1.0	0.904
NC_000001.10	17912842	17912938	TTTTTAAACATC	TTTTTAAACATC	96	1.0	0.904
NC_000001.10	17912842	17912938	TTTTTAAACATC	TTTTTAAACATC	96	1.0	0.904
NC_000001.10	17912842	17912938	TTTTTAAACATC	TTTTTAAACATC	96	1.0	0.904
NC_000001.10	17912842	17912938	TTTTTAAACATC	TTTTTAAACATC	96	1.0	0.904
NC_000001.10	17912842	17912938	TTTTTAAACATC	TTTTTAAACATC	96	1.0	0.904
NC_000001.10	17912842	17912938	TTTTTAAACATC	TTTTTAAACATC	96	1.0	0.904
NC_000001.10	17912842	17912938	TTTTTAAACATC	TTTTTAAACATC	96	1.0	0.904
NC_000001.10	17912842	17912938	TTTTTAAACATC	TTTTTAAACATC	96	1.0	0.904
NC_000001.10	17912842	17912938	TTTTTAAACATC	TTTTTAAACATC	96	1.0	0.904
NC_000001.10	17912842	17912938	TTTTTAAACATC	TTTTTAAACATC	96	1.0	0.904
NC_000001.10	17912842	17912938	TTTTTAAACATC	TTTTTAAACATC	96	1.0	0.904
NC_000001.10	17912842	17912938	TTTTTAAACATC	TTTTTAAACATC	96	1.0	0.904
NC_000001.10	17912842	17912938	TTTTTAAACATC	TTTTTAAACATC	96	1.0	0.904
NC_000001.10	17912842	17912938	TTTTTAAACATC	TTTTTAAACATC	96	1.0	0.904
NC_000001.10	17912842	17912938	TTTTTAAACATC	TTTTTAAACATC	96	1.0	0.904
NC_000001.10	17912842	17912938	TTTTTAAACATC	TTTTTAAACATC	96	1.0	0.904
NC_000001.10	17912842	17912938	TTTTTAAACATC	TTTTTAAACATC	96	1.0	0.904
NC_000001.10	17912842	17912938	TTTTTAAACATC	TTTTTAAACATC	96	1.0	0.904
NC_000001.10	17912842	17912938	TTTTTAAACATC	TTTTTAAACATC	96	1.0	0.904
NC_000001.10	17912842	17912938	TTTTTAAACATC	TTTTTAAACATC	96	1.0	0.904
NC_000001.10	17912842	17912938	TTTTTAAACATC	TTTTTAAACATC	96	1.0	0.904
NC_000001.10	17912842	17912938	TTTTTAAACATC	TTTTTAAACATC	96	1.0	0.904
NC_000001.10	17912842	17912938	TTTTTAAACATC	TTTTTAAACATC	96	1.0	0.904
NC_000001.10	17912842	17912938	TTTTTAAACATC	TTTTTAAACATC	96	1.0	0.904
NC_000001.10	17912842	17912938	TTTTTAAACATC	TTTTTAAACATC	96	1.0	0.904
NC_000001.10	17912842	17912938	TTTTTAAACATC	TTTTTAAACATC	96	1.0	0.904
NC_000001.10	17912842	17912938	TTTTTAAACATC	TTTTTAAACATC	96	1.0	0.904
NC_000001.10	17912842	17912938	TTTTTAAACATC	TTTTTAAACATC	96	1.0	0.904
NC_000001.10	17912842	17912938	TTTTTAAACATC	TTTTTAAACATC	96	1.0	0.904
NC_000001.10	17912842	17912938	TTTTTAAACATC	TTTTTAAACATC	96	1.0	0.904
NC_000001.10	17912842	17912938	TTTTTAAACATC	TTTTTAAACATC	96	1.0	0.904
NC_000001.10	17912842	17912938	TTTTTAAACATC	TTTTTAAACATC	96	1.0	0.904
NC_000001.10	17912842	17912938	TTTTTAAACATC	TTTTTAAACATC	96	1.0	0.904
NC_000001.10	17912842	17912938	TTTTTAAACATC	TTTTTAAACATC	96	1.0	0.904
NC_000001.10	17912842	17912938	TTTTTAAACATC	TTTTTAAACATC	96	1.0	0.904
NC_000001.10	17912842	17912938	TTTTTAAACATC	TTTTTAAACATC	96	1.0	0.904
NC_000001.10	17912842	17912938	TTTTTAAACATC	TTTTTAAACATC	96	1.0	0.904
NC_000001.10	17912842	17912938	TTTTTAAACATC	TTTTTAAACATC	96	1.0	0.904
NC_000001.10	17912842	17912938	TTTTTAAACATC	TTTTTAAACATC	96	1.0	0.904
NC_000001.10	17912842	17912938	TTTTTAAACATC	TTTTTAAACATC	96	1.0	0.904
NC_000001.10	17912842	17912938	TTTTTAAACATC	TTTTTAAACATC	96	1.0	0.904
NC_000001.10	17912842	17912938	TTTTTAAACATC	TTTTTAAACATC	96	1.0	0.904
NC_000001.10	17912842	17912938	TTTTTAAACATC	TTTTTAAACATC	96	1.0	0.904
NC_000001.10	17912842	17912938	TTTTTAAACATC	TTTTTAAACATC	96	1.0	0.904
NC_000001.10	17912842	17912938	TTTTTAAACATC	TTTTTAAACATC	96	1.0	0.904
NC_000001.10	17912842	17912938	TTTTTAAACATC	TTTTTAAACATC	96	1.0	0.904
NC_000001.10	17912842	17912938	TTTTTAAACATC	TTTTTAAACATC	96	1.0	0.904
NC_000001.10	17912842	17912938	TTTTTAAACATC	TTTTTAAACATC	96	1.0	0.904
NC_000001.10	17912842	17912938	TTTTTAAACATC	TTTTTAAACATC	96	1.0	0.904
NC_000001.10	17912842	17912938	TTTTTAAACATC	TTTTTAAACATC	96	1.0	0.904
NC_000001.10	17912842	17912938	TTTTTAAACATC	TTTTTAAACATC	96	1.0	0.904
NC_000001.10	17912842	17912938	TTTTTAAACATC	TTTTTAAACATC	96	1.0	0.904
NC_000001.10	17912842	17912938	TTTTTAAACATC	TTTTTAAACATC	96	1.0	0.904
NC_000001.10	17912842	17912938	TTTTTAAACATC	TTTTTAAACATC	96	1.0	0.904
NC_000001.10	17912842	17912938	TTTTTAAACATC	TTTTTAAACATC	96	1.0	0.904
NC_000001.10	17912842	17912938	TTTTTAAACATC	TTTTTAAACATC	96	1.0	0.904
NC_000001.10	17912842	17912938	TTTTTAAACATC	TTTTTAAACATC	96	1.0	0.904
NC_000001.10	17912842	17912938	TTTTTAAACATC	TTTTTAAACATC	96	1.0	0.904
NC_000001.10	17912842	17912938	TTTTTAAACATC	TTTTTAAACATC	96	1.0	0.904
NC_000001.10	17912842	17912938	TTTTTAAACATC	TTTTTAAACATC	96	1.0	0.904
NC_000001.10	17912842	17912938	TTTTTAAACATC	TTTTTAAACATC	96	1.0	0.904
NC_000001.10	17912842	17912938	TTTTTAAACATC	TTTTTAAACATC	96	1.0	0.904
NC_000001.10	17912842	17912938	TTTTTAAACATC	TTTTTAAACATC	96	1.0	0.904
NC_000001.10	17912842	17912938	TTTTTAAACATC	TTTTTAAACATC	96	1.0	0.904
NC_000001.10	17912842	17912938	TTTTTAAACATC	TTTTTAAACATC	96	1.0	0.904
NC_000001.10	17912842	17912938	TTTTTAAACATC	TTTTTAAACATC	96	1.0	0.904
NC_000001.10	17912842	17912938	TTTTTAAACATC	TTTTTAAACATC	96	1.0	0.904
NC_000001.10	17912842	17912938	TTTTTAAACATC	TTTTTAAACATC	96	1.0	0.904
NC_000001.10	17912842	17912938	TTTTTAAACATC	TTTTTAAACATC	96	1.0	0.904
NC_000001.10	17912842	17912938	TTTTTAAACATC	TTTTTAAACATC	96	1.0	0.904
NC_000001.10	17912842	17912938	TTTTTAAACATC	TTTTTAAACATC	96	1.0	0.904
NC_000001.10	17912842	17912938	TTTTTAAACATC	TTTTTAAACATC	96	1.0	0.904
NC_000001.10	17912842	17912938	TTTTTAAACATC	TTTTTAAACATC	96	1.0	0.904
NC_000001.10	17912842	17912938	TTTTTAAACATC	TTTTTAAACATC	96	1.0	0.904
NC_000001.10	17912842	17912938	TTTTTAAACATC	TTTTTAAACATC	96	1.0	0.904
NC_000001.10	17912842	17912938	TTTTTAAACATC	TTTTTAAACATC	96	1.0	0.904
NC_000001.10	17912842	17912938	TTTTTAAACATC	TTTTTAAACATC	96	1.0	0.904
NC_000001.10	17912842	17912938	TTTTTAAACATC	TTTTTAAACATC	96	1.0	0.904
NC_000001.10	17912842	17912938	TTTTTAAACATC	TTTTTAAACATC	96	1.0	0.904
NC_000001.10	17912842	17912938	TTTTTAAACATC	TTTTTAAACATC	96	1.0	0.904
NC_000001.10	17912842	17912938	TTTTTAAACATC	TTTTTAAACATC	96	1.0	0.904
NC_000001.10	17912842	17912938	TTTTTAAACATC	TTTTTAAACATC	96	1.0	0.904
NC_000001.10	17912842	17912938	TTTTTAAACATC	TTTTTAAACATC	96	1.0	0.904
NC_000001.10	17912842	17912938	TTTTTAAACATC	TTTTTAAACATC	96	1.0	0.904
NC_000001.10	17912842	17912938	TTTTTAAACATC	TTTTTAAACATC	96	1.0	0.904
NC_000001.10	17912842	17912938	TTTTTAAACATC	TTTTTAAACATC	96	1.0	0.904
NC_000001.10	17912842	17912938	TTTTTAAACATC	TTTTTAAACATC	96	1.0	0.904
NC_000001.10	17912842	17912938	TTTTTAAACATC	TTTTTAAACATC	96	1.0	0.904
NC_000001.10	17912842	17912938	TTTTTAAACATC	TTTTTAAACATC	96	1.0	0.904
NC_000001.10	17912842	17912938	TTTTTAAACATC	TTTTTAAACATC	96	1.0	0.904
NC_000001.10	17912842	17912938	TTTTTAAACATC	TTTTTAAACATC	96	1.0	0.904
NC_000001.10	17912842	17912938	TTTTTAAACATC	TTTTTAAACATC	96	1.0	0.904
NC_000001.10	17912842	17912938	TTTTTAAACATC	TTTTTAAACATC	96	1.0	0.904
NC_000001.10	17912842	17912938	TTTTTAAACATC	TTTTTAAACATC	96	1.0	0.904
NC_000001.10	17912842	17912938	TTTTTAAACATC	TTTTTAAACATC	96	1.0	0.904
NC_000001.10	17912842	17912938	TTTTTAAACATC	TTTTTAAACATC	96	1.0	0.904
NC_000001.10	17912842	17912938	TTTTTAAACATC	TTTTTAAACATC	96	1.0	0.904
NC_000001.10	17912842	17912938	TTTTTAAACATC	TTTTTAAACATC	96	1.0	0.904
NC_000001.10	17912842	17912938	TTTTTAAACATC	TTTTTAAACATC	96	1.0	0.904
NC_000001.10	17912842	17912938	TTTTTAAACATC	TTTTTAAACATC	96	1.0	0.904
NC_000001.10	17912842	17912938	TTTTTAAACATC	TTTTTAAACATC	96	1.0	0.904
NC_000001.10	17912842	17912938	TTTTTAAACATC	TTTTTAAACATC	96	1.0	0.904
NC_000001.10	17912842	17912938	TTTTTAAACATC	TTTTTAAACATC	96	1.0	0.904
NC_000001.10	17912842	17912938	TTTTTAAACATC	TTTTTAAACATC	96	1.0	0.904
NC_000001.10	17912842	17912938	TTTTTAAACATC	TTTTTAAACATC	96	1.0	0.904
NC_000001.10	17912842	17912938	TTTTTAAACATC	TTTTTAAACATC	96	1.0	0.904
NC_000001.10	17912842	17912938	TTTTTAAACATC	TTTTTAAACATC	96	1.0	0.904
NC_000001.10	17912842	17912938	TTTTTAAACATC	TTTTTAAACATC	96	1.0	0.904
NC_000001.10	17912842	17912938	TTTTTAAACATC	TTTTTAAACATC	96	1.0	0.904
NC_000001.10	17912842	17912938	TTTTTAAACATC	TTTTTAAACATC	96	1.0	0.904
NC_000001.10	17912842	17912938	TTTTTAAACATC	TTTTTAAACATC	96	1.0	0.904
NC_000001.10	17912842	17912938	TTTTTAAACATC	TTTTTAAACATC	96	1.0	0.904
NC_000001.10	17912842	17912938	TTTTTAAACATC	TTTTTAAACATC	96	1.0	0.904
NC_000001.10	17912842	17912938	TTTTTAAACATC	TTTTTAAACATC	96	1.0	0.904
NC_000001.10	17912842	17912938	TTTTTAAACATC	TTTTTAAACATC	96	1.0	0.904
NC_000001.10	17912842	17912938	TTTTTAAACATC	TTTTTAAACATC	96	1.0	0.904
NC_000001.10	17912842	17912938	TTTTTAAACATC	TTTTTAAACATC	96	1.0	0.904
NC_000001.10	17912842	17912938	TTTTTAAACATC	TTTTTAAACATC	96	1.0	0.904
NC_000001.10	17912842	17912938	TTTTTAAACATC	TTTTTAAACATC	96	1.0	0.904
NC_000001.10	17912842	17912938	TTTTTAAACATC	TTTTTAAACATC	96	1.0	0.904
NC_000001.10	17912842	17912938	TTTTTAAACATC	TTTTTAAACATC	96	1.0	0.904
NC_000001.10	17912842	17912938	TTTTTAAACATC	TTTTTAAACATC	96	1.0	0.904
NC_000001.10	17912842	17912938	TTTTTAAACATC	TTTTTAAACATC	96	1.0	0.904
NC_000001.10	17912842	17912938	TTTTTAAACATC	TTTTTAAACATC	96	1.0	0.904
NC_000001.10	17912842	17912938	TTTTTAAACATC	TTTTTAAACATC	96	1.0	0.904
NC_000001.10	17912842	17912938	TTTTTAAACATC	TTTTTAAACATC	96	1.0	0.904
NC_000001.10	17912842	17912938	TTTTTAAACATC	TTTTTAAACATC	96	1.0	0.904
NC_000001.10	17912842	17912938	TTTTTAAACATC	TTTTTAAACATC	96	1.0	0.904
NC_000001.10	17912842	17912938	TTTTTAAACATC	TTTTTAAACATC	96	1.0	0.904
NC_000001.10	17912842	17912938	TTTTTAAACATC	TTTTTAAACATC	96	1.0	0.904
NC_000001.10	17912842	17912938	TTTTTAAACATC	TTTTTAAACATC	96	1.0	0.904
NC_000001.10	17912842	17912938	TTTTTAAACATC	TTTTTAAACATC	96	1.0	0.904
NC_000001.10	17912842	17912938	TTTTTAAACATC	TTTTTAAACATC	96	1.0	0.904
NC_000001.10	17912842	17912938	TTTTTAAACATC	TTTTTAAACATC	96	1.0	0.904
NC_000001.10	17912842	17912938	TTTTTAAACATC	TTTTTAAACATC	96	1.0	0.904
NC_000001.10	17912842	17912938	TTTTTAAACATC	TTTTTAAACATC	96	1.0	0.904
NC_000001.10	17912842	17912938	TTTTTAAACATC	TTTTTAAACATC	96	1.0	0.904
NC_000001.10	17912842	17912938	TTTTTAAACATC	TTTTTAAACATC	96	1.0	0.904
NC_000001.10	17912842	17912938	TTTTTAAACATC	TTTTTAAACATC	96	1.0	0.904
NC_000001.10	17912842	17912938	TTTTTAAACATC	TTTTTAAACATC	96	1.0	0.904
NC_000001.10	17912842	17912938	TTTTTAAACATC	TTTTTAAACATC	96	1.0	0.904
NC_000001.10	17912842	17912938	TTTTTAAACATC	TTTTTAAACATC	96	1.0	0.904
NC_000001.10	17912842	17912938	TTTTTAAACATC	TTTTTAAACATC	96	1.0	0.904
NC_000001.10	17912842	17912938	TTTTTAAACATC	TTTTTAAACATC	96	1.0	0.904
NC_000001.10	17912842	17912938	TTTTTAAACATC	TTTTTAAACATC	96	1.0	0.904
NC_000001.10	17912842	17912938	TTTTTAAACATC	TTTTTAAACATC	96	1.0	0.904
NC_000001.10	17912842	17912938	TTTTTAAACATC	TTTTTAAACATC	96	1.0	0.904
NC_000001.10	17912842	17912938	TTTTTAAACATC	TTTTTAAACATC	96	1.0	0.904
NC_000001.10	17912842	17912938	TTTTTAAACATC	TTTTTAAACATC	96	1.0	0.904
NC_000001.10	17912842	17912938	TTTTTAAACATC	TTTTTAAACATC	96	1.0	0.904
NC_000001.10	17912842	17912938	TTTTTAAACATC	TTTTTAAACATC	96	1.0	0.904
NC_000001.10	17912842	17912938	TTTTTAAACATC	TTTTTAAACATC	96	1.0	0.904
NC_000001.10	17912842	17912938	TTTTTAAACATC	TTTTTAAACATC	96	1.0	0.904
NC_000001.10	17912842	17912938	TTTTTAAACATC	TTTTTAAACATC	96	1.0	0.904
NC_000001.10	17912842	17912938	TTTTTAAACATC	TTTTTAAACATC	96	1.0	0.904
NC_000001.10	17912842	17912938	TTTTTAAACATC	TTTTTAAACATC	96	1.0	0.904
NC_000001.10	17912842	17912938	TTTTTAAACATC	TTTTTAAACATC	96	1.0	0.904
NC_000001.10	17912842	17912938	TTTTTAAACATC	TTTTTAAACATC	96	1.0	0.904
NC_000001.10	17912842	17912938	TTTTTAAACATC	TTTTTAAACATC	96	1.0	0.904
NC_000001.10	17912842	17912938	TTTTTAAACATC	TTTTTAAACATC	96	1.0	0.904
NC_000001.10	17912842	17912938	TTTTTAAACATC	TTTTTAAACATC	96	1.0	0.904
NC_000001.10	17912842	17912938	TTTTTAAACATC	TTTTTAAACATC	96	1.0	0.904
NC_000001.10	17912842	17912938	TTTTTAAACATC	TTTTTAAACATC	96	1.0	0.904
NC_000001.10	17912842	17912938	TTTTTAAACATC	TTTTTAAACATC	96	1.0	0.904
NC_000001.10	17912842	17912938	TTTTTAAACATC	TTTTTAAACATC	96	1.0	0.904
NC_000001.10	17912842	17912938	TTTTTAAACATC	TTTTTAAACATC	96	1.0	0.904
NC_000001.10	17912842	17912938	TTTTTAAACATC	TTTTTAAACATC	96	1.0	0.904
NC_000001.10	17912842	17912938	TTTTTAAACATC	TTTTTAAACATC	96	1.0	0.904
NC_000001.10	17912842	17912938	TTTTTAAACATC	TTTTTAAACATC	96	1.0	0.904
NC_000001.10	17912842	17912938	TTTTTAAACATC	TTTTTAAACATC	96	1.0	0.904
NC_000001.10	17912842	17912938	TTTTTAAACATC	TTTTTAAACATC	96	1.0	0.904
NC_000001.10	17912842	17912938	TTTTTAAACATC	TTTTTAAACATC	96	1.0	0.904
NC_000001.10	17912842	17912938	TTTTTAAACATC	TTTTTAAACATC	96	1.0	0.904
NC_000001.10	17912842	17912938	TTTTTAAACATC	TTTTTAAACATC	96	1.0	0.904
NC_000001.10	17912842	17912938	TTTTTAAACATC	TTTTTAAACATC	96	1.0	0.904
NC_000001.10	17912842	17912938	TTTTTAAACATC	TTTTTAAACATC	96	1.0	0.904
NC_000001.10	17912842	17912938	TTTTTAAACATC	TTTTTAAACATC	96	1.0	0.904
NC_000001.10	17912842	17912938	TTTTTAAACATC	TTTTTAAACATC	96	1.0	0.904
NC_000001.10	17912842	17912938	TTTTTAAACATC	TTTTTAAACATC	96	1.0	0.904
NC_000001.10	17912842	17912938	TTTTTAAACATC	TTTTTAAACATC	96	1.0	0.904
NC_000001.10	17912842	17912938	TTTTTAAACATC	TTTTTAAACATC	96	1.0	0.904
NC_000001.10	17912842	17912938	TTTTTAAACATC	TTTTTAAACATC	96	1.0	0.904
NC_000001.10	17912842	17912938	TTTTTAAACATC	TTTTTAAACATC	96	1.0	0.904
NC_000001.10	17912842	17912938	TTTTTAAACATC	TTTTTAAACATC	96	1.0	0.904
NC_000001.10	17912842	17912938	TTTTTAAACATC	TTTTTAAACATC	96	1.0	0.904
NC_000001.10	17912842	17912938	TTTTTAAACATC	TTTTTAAACATC	96	1.0	0.904
NC_000001.10	17912842	17912938	TTTTTAAACATC	TTTTTAAACATC	96	1.0	0.904
NC_000001.10	17912842	17912938	TTTTTAAACATC	TTTTTAAACATC	96	1.0	0.904
NC_000001.10	17912842	17912938	TTTTTAAACATC	TTTTTAAACATC	96	1.0	0.904
NC_000001.10	17912842	17912938	TTTTTAAACATC	TTTTTAAACATC	96	1.0	0.904
NC_000001.10	17912842	17912938	TTTTTAAACATC	TTTTTAAACATC	96	1.0	0.904
NC_000001.10	17912842	17912938	TTTTTAAACATC	TTTTTAAACATC	96	1.0	0.904
NC_000001.10	17912842	17912938	TTTTTAAACATC	TTTTTAAACATC	96	1.0	0.904
NC_000001.10	17912842	17912938	TTTTTAAACATC	TTTTTAAACATC	96	1.0	0.904
NC_000001.10	17912842	17912938	TTTTTAAACATC	TTTTTAAACATC	96	1.0	0.904
NC_000001.10	17912842	17912938	TTTTTAAACATC	TTTTTAAACATC	96	1.0	0.904
NC_000001.10	17912842	17912938	TTTTTAAACATC	TTTTTAAACATC	96	1.0	0.904
NC_000001.10	17912842	17912938	TTTTTAAACATC	TTTTTAAACATC	96	1.0	0.904
NC_000001.10	17912842	17912938	TTTTTAAACATC	TTTTTAAACATC	96	1.0	0.904
NC_000001.10	17912842	17912938	TTTTTAAACATC	TTTTTAAACATC	96	1.0	0.904
NC_000001.10	17912842	17912938	TTTTTAAACATC	TTTTTAAACATC	96	1.0	0.904
NC_000001.10	17912842	17912938	TTTTTAAACATC	TTTTTAAACATC	96	1.0	0.904
NC_000001.10	17912842	17912938	TTTTTAAACATC	TTTTTAAACATC	96	1.0	0.904
NC_000001.10	17912842	17912938	TTTTTAAACATC	TTTTTAAACATC	96	1.0	0.904
NC_000001.10	17912842	17912938	TTTTTAAACATC	TTTTTAAACATC	96	1.0	0.904
NC_000001.10	17912842	17912938	TTTTTAAACATC	TTTTTAAACATC	96	1.0	0.904
NC_000001.10	17912842	17912938	TTTTTAAACATC	TTTTTAAACATC	96	1.0	0.904
NC_000001.10	17912842	17912938	TTTTTAAACATC	TTTTTAAACATC	96	1.0	0.904
NC_000001.10	17912842	17912938	TTTTTAAACATC	TTTTTAAACATC	96	1.0	0.904
NC_000001.10	17912842	17912938	TTTTTAAACATC	TTTTTAAACATC	96	1.0	0.904
NC_000001.10	17912842	17912938	TTTTTAAACATC	TTTTTAAACATC	96	1.0	0.904
NC_000001.10	17912842	17912938	TTTTTAAACATC	TTTTTAAACATC	96	1.0	0.904
NC_000001.10	17912842	17912938	TTTTTAAACATC	TTTTTAAACATC	96	1.0	0.904
NC_000001.10	17912842	17912938	TTTTTAAACATC	TTTTTAAACATC	96	1.0	0.904
NC_000001.10	17912842	17912938	TTTTTAAACATC	TTTTTAAACATC	96	1.0	0.904
NC_000001.10	17912842	17912938	TTTTTAAACATC	TTTTTAAACATC	96	1.0	0.904
NC_000001.10	17912842	17912938	TTTTTAAACATC	TTTTTAAACATC	96	1.0	0.904
NC_000001.10	17912842	17912938	TTTTTAAACATC	TTTTTAAACATC	96	1.0	0.904
NC_000001.10	17912842	17912938	TTTTTAAACATC	TTTTTAAACATC	96	1.0	0.904
NC_000001.10	17912842	17912938	TTTTTAAACATC	TTTTTAAACATC	96	1.0	0.904
NC_000001.10	17912842	17912938	TTTTTAAACATC	TTTTTAAACATC	96	1.0	0.904
NC_000001.10	17912842	17912938	TTTTTAAACATC	TTTTTAAACATC	96	1.0	0.904
NC_000001.10	17912842	17912938	TTTTTAAACATC	TTTTTAAACATC	96	1.0	0.904
NC_000001.10	17912842	17912938	TTTTTAAACATC	TTTTTAAACATC	96	1.0	0.904
NC_000001.10	17912842	17912938	TTTTTAAACATC	TTTTTAAACATC	96	1.0	0.904
NC_000001.10	17912842	17912938	TTTTTAAACATC	TTTTTAAACATC	96	1.0	0.904
NC_000001.10	17912842	17912938	TTTTTAAACATC	TTTTTAAACATC	96	1.0	0.904
NC_000001.10	17912842	17912938	TTTTTAAACATC	TTTTTAAACATC	96	1.0	0.904
NC_000001.10	17912842	17912938	TTTTTAAACATC	TTTTTAAACATC	96	1.0	0.904
NC_000001.10	17912842	17912938	TTTTTAAACATC	TTTTTAAACATC	96	1.0	0.904
NC_000001.10	17912842	17912938	TTTTTAAACATC	TTTTTAAACATC	96	1.0	0.904
NC_000001.10	17912842	17912938	TTTTTAAACATC	TTTTTAAACATC	96	1.0	0.904
NC_000001.10	17912842	17912938	TTTTTAAACATC	TTTTTAAACATC	96	1.0	0.904
NC_000001.10	17912842	17912938	TTTTTAAACATC	TTTTTAAACATC	96	1.0	0.904
NC_000001.10	17912842	17912938	TTTTTAAACATC	TTTTTAAACATC	96	1.0	0.904
NC_000001.10	17912842	17912938	TTTTTAAACATC	TTTTTAAACATC	96	1.0	0.904
NC_000001.10	17912842	17912938	TTTTTAAACATC	TTTTTAAACATC	96	1.0	0.904
NC_000001.10	17912842	17912938	TTTTTAAACATC	TTTTTAAACATC	96	1.0	0.904
NC_000001.10	17912842	17912938	TTTTTAAACATC	TTTTTAAACATC	96	1.0	0.904
NC_000001.10	17912842	17912938	TTTTTAAACATC	TTTTTAAACATC	96	1.0	0.904
NC_000001.10	17912842	17912938	TTTTTAAACATC	TTTTTAAACATC	96	1.0	0.904
NC_000001.10	17912842	17912938	TTTTTAAACATC	TTTTTAAACATC	96	1.0	0.904
NC_000001.10	17912842	17912938	TTTTTAAACATC	TTTTTAAACATC	96	1.0	0.904
NC_000001.10	17912842	17912938	TTTTTAAACATC	TTTTTAAACATC	96	1.0	0.904
NC_000001.10	17912842	17912938	TTTTTAAACATC	TTTTTAAACATC	96	1.0	0.904
NC_000001.10	17912842	17912938	TTTTTAAACATC	TTTTTAAACATC	96	1.0	0.904
NC_000001.10	17912842	17912938	TTTTTAAACATC	TTTTTAAACATC	96	1.0	0.904
NC_000001.10	17912842	17912938	TTTTTAAACATC	TTTTTAAACATC	96	1.0	0.904
NC_000001.10	17912842	17912938	TTTTTAAACATC	TTTTTAAACATC	96	1.0	0.904
NC_000001.10	17912842	17912938	TTTTTAAACATC	TTTTTAAACATC	96	1.0	0.904
NC_000001.10	17912842	17912938	TTTTTAAACATC	TTTTTAAACATC	96	1.0	0.904
NC_000001.10	17912842	17912938	TTTTTAAACATC	TTTTTAAACATC	96	1.0	0.904
NC_000001.10	17912842	17912938	TTTTTAAACATC	TTTTTAAACATC	96	1.0	0.904
NC_000001.10	17912842	17912938	TTTTTAAACATC	TTTTTAAACATC	96	1.0	0.904
NC_000001.10	17912842	17912938	TTTTTAAACATC	TTTTTAAACATC	96	1.0	0.904
NC_000001.10	17912842	17912938	TTTTTAAACATC	TTTTTAAACATC	96	1.0	0.904
NC_000001.10	17912842	17912938	TTTTTAAACATC	TTTTTAAACATC	96	1.0	0.904
NC_000001.10	17912842	17912938	TTTTTAAACATC	TTTTTAAACATC	96	1.0	0.904
NC_000001.10	17912842	17912938	TTTTTAAACATC	TTTTTAAACATC	96	1.0	0.904
NC_000001.10	17912842	17912938	TTTTTAAACATC	TTTTTAAACATC	96	1.0	0.904
NC_000001.10	17912842	17912938	TTTTTAAACATC	TTTTTAAACATC	96	1.0	0.904
NC_000001.10	17912842	17912938	TTTTTAAACATC	TTTTTAAACATC	96	1.0	0.904
NC_000001.10	17912842	17912938	TTTTTAAACATC	TTTTTAAACATC	96	1.0	0.904
NC_000001.10	17912842	17912938	TTTTTAAACATC	TTTTTAAACATC	96	1.0	0.904
NC_000001.10	17912842	17912938	TTTTTAAACATC	TTTTTAAACATC	96	1.0	0.904
NC_000001.10	17912842	17912938	TTTTTAAACATC	TTTTTAAACATC	96	1.0	0.904
NC_000001.10	17912842	17912938	TTTTTAAACATC	TTTTTAAACATC	96	1.0	0.904
NC_000001.10	17912842	17912938	TTTTTAAACATC	TTTTTAAACATC	96	1.0	0.904
NC_000001.10	17912842	17912938	TTTTTAAACATC	TTTTTAAACATC	96	1.0	0.904
NC_000001.10	17912842	17912938	TTTTTAAACATC	TTTTTAAACATC	96	1.0	0.904
NC_000001.10	17912842	17912938	TTTTTAAACATC	TTTTTAAACATC	96	1.0	0.904
NC_000001.10	17912842	17912938	TTTTTAAACATC	TTTTTAAACATC	96	1.0	0.904
NC_000001.10	17912842	17912938	TTTTTAAACATC	TTTTTAAACATC	96	1.0	0.904
NC_000001.10	17912842	17912938	TTTTTAAACATC	TTTTTAAACATC	96	1.0	0.904
NC_000001.10	17912842	17912938	TTTTTAAACATC	TTTTTAAACATC	96	1.0	0.904
NC_000001.10	17912842	17912938	TTTTTAAACATC	TTTTTAAACATC	96	1.0	0.904
NC_000001.10	17912842	17912938	TTTTTAAACATC	TTTTTAAACATC	96	1.0	0.904
NC_000001.10	17912842	17912938	TTTTTAAACATC	TTTTTAAACATC	96	1.0	0.904
NC_000001.10	17912842	17912938	TTTTTAAACATC	TTTTTAAACATC	96	1.0	0.904
NC_000001.10	17912842	17912938	TTTTTAAACATC	TTTTTAAACATC	96	1.0	0.904
NC_000001.10	17912842	17912938	TTTTTAAACATC	TTTTTAAACATC	96	1.0	0.904
NC_000001.10	17912842	17912938	TTTTTAAACATC	TTTTTAAACATC	96	1.0	0.904
NC_000001.10	17912842	17912938	TTTTTAAACATC	TTTTTAAACATC	96	1.0	0.904
NC_000001.10	17912842	17912938	TTTTTAAACATC	TTTTTAAACATC	96	1.0	0.904
NC_000001.10	17912842	17912938	TTTTTAAACATC	TTTTTAAACATC	96	1.0	0.904
NC_000001.10	17912842	17912938	TTTTTAAACATC	TTTTTAAACATC	96	1.0	0.904
NC_000001.10	17912842	17912938	TTTTTAAACATC	TTTTTAAACATC	96	1.0	0.904
NC_000001.10	17912842	17912938	TTTTTAAACATC	TTTTTAAACATC	96	1.0	0.904
NC_000001.10	17912842	17912938	TTTTTAAACATC	TTTTTAAACATC	96	1.0	0.904
NC_000001.10	17912842	17912938	TTTTTAAACATC	TTTTTAAACATC	96	1.0	0.904
NC_000001.10	17912842	17912938	TTTTTAAACATC	TTTTTAAACATC	96	1.0	0.904
NC_000001.10	17912842	17912938	TTTTTAAACATC	TTTTTAAACATC	96	1.0	0.904
NC_000001.10	17912842	17912938	TTTTTAAACATC	TTTTTAAACATC	96	1.0	0.904
NC_000001.10	17912842	17912938	TTTTTAAACATC	TTTTTAAACATC	96	1.0	0.904
NC_000001.10	17912842	17912938	TTTTTAAACATC	TTTTTAAACATC	96	1.0	0.904
NC_000001.10	17912842	17912938	TTTTTAAACATC	TTTTTAAACATC	96	1.0	0.904
NC_000001.10	17912842	17912938	TTTTTAAACATC	TTTTTAAACATC	96	1.0	0.904
NC_000001.10	17912842	17912938	TTTTTAAACATC	TTTTTAAACATC	96	1.0	0.904
NC_000001.10	17912842	17912938	TTTTTAAACATC	TTTTTAAACATC	96	1.0	0.904
NC_000001.10	17912842	17912938	TTTTTAAACATC	TTTTTAAACATC	96	1.0	0.904
NC_000001.10	17912842	17912938	TTTTTAAACATC	TTTTTAAACATC	96	1.0	0.904
NC_000001.10	17912842	17912938	TTTTTAAACATC	TTTTTAAACATC	96	1.0	0.904
NC_000001.10	17912842	17912938	TTTTTAAACATC	TTTTTAAACATC	96	1.0	0.904
NC_000001.10	17912842	17912938	TTTTTAAACATC	TTTTTAAACATC	96	1.0	0.904
NC_000001.10	17912842	17912938	TTTTTAAACATC	TTTTTAAACATC	96	1.0	0.904
NC_000001.10	17912842	17912938	TTTTTAAACATC	TTTTTAAACATC	96	1.0	0.904
NC_000001.10	17912842	17912938	TTTTTAAACATC	TTTTTAAACATC	96	1.0	0.904
NC_000001.10	17912842	17912938	TTTTTAAACATC	TTTTTAAACATC	96	1.0	0.904
NC_000001.10	17912842	17912938	TTTTTAAACATC	TTTTTAAACATC	96	1.0	0.904
NC_000001.10	17912842	17912938	TTTTTAAACATC	TTTTTAAACATC	96	1.0	0.904
NC_000001.10	17912842	17912938	TTTTTAAACATC	TTTTTAAACATC	96	1.0	0.904
NC_000001.10	17912842	17912938	TTTTTAAACATC	TTTTTAAACATC	96	1.0	0.904
NC_000001.10	17912842	17912938	TTTTTAAACATC	TTTTTAAACATC	96	1.0	0.904
NC_000001.10	17912842	17912938	TTTTTAAACATC	TTTTTAAACATC	96	1.0	0.904
NC_000001.10	17912842	17912938	TTTTTAAACATC	TTTTTAAACATC	96	1.0	0.904
NC_000001.10	17912842	17912938	TTTTTAAACATC	TTTTTAAACATC	96	1.0	0.904
NC_000001.10	17912842	17912938	TTTTTAAACATC	TTTTTAAACATC	96	1.0	0.904
NC_000001.10	17912842	17912938	TTTTTAAACATC	TTTTTAAACATC	96	1.0	0.904
NC_000001.10	17912842	17912938	TTTTTAAACATC	TTTTTAAACATC	96	1.0	0.904
NC_000001.10	17912842	17912938	TTTTTAAACATC	TTTTTAAACATC	96	1.0	0.904
NC_000001.10	17912842	17912938	TTTTTAAACATC	TTTTTAAACATC	96	1.0	0.904
NC_000001.10	17912842	17912938	TTTTTAAACATC	TTTTTAAACATC	96	1.0	0.904
NC_000001.10	17912842	17912938	TTTTTAAACATC	TTTTTAAACATC	96	1.0	0.904
NC_000001.10	17912842	17912938	TTTTTAAACATC	TTTTTAAACATC	96	1.0	0.904
NC_000001.10	17912842	17912938	TTTTTAAACATC	TTTTTAAACATC	96	1.0	0.904
NC_000001.10	17912842	17912938	TTTTTAAACATC	TTTTTAAACATC	96	1.0	0.904
NC_000001.10	17912842	17912938	TTTTTAAACATC	TTTTTAAACATC	96	1.0	0.904
NC_000001.10	17912842	17912938	TTTTTAAACATC	TTTTTAAACATC	96	1.0	0.904
NC_000001.10	17912842	17912938	TTTTTAAACATC	TTTTTAAACATC	96	1.0	0.904
NC_000001.10	17912842	17912938	TTTTTAAACATC	TTTTTAAACATC	96	1.0	0.904
NC_000001.10	17912842	17912938	TTTTTAAACATC	TTTTTAAACATC	96	1.0	0.904
NC_000001.10	17912842	17912938	TTTTTAAACATC	TTTTTAAACATC	96	1.0	0.904
NC_000001.10	17912842	17912938	TTTTTAAACATC	TTTTTAAACATC	96	1.0	0.904
NC_000001.10	17912842	17912938	TTTTTAAACATC	TTTTTAAACATC	96	1.0	0.904
NC_000001.10	17912842	17912938	TTTTTAAACATC	TTTTTAAACATC	96	1.0	0.904
NC_000001.10	17912842	17912938	TTTTTAAACATC	TTTTTAAACATC	96	1.0	0.904
NC_000001.10	17912842	17912938	TTTTTAAACATC	TTTTTAAACATC	96	1.0	0.904
NC_000001.10	17912842	17912938	TTTTTAAACATC	TTTTTAAACATC	96	1.0	0.904
NC_000001.10	17912842	17912938	TTTTTAAACATC	TTTTTAAACATC	96	1.0	0.904
NC_000001.10	17912842	17912938	TTTTTAAACATC	TTTTTAAACATC	96	1.0	0.904
NC_000001.10	17912842	17912938	TTTTTAAACATC	TTTTTAAACATC	96	1.0	0.904
NC_000001.10	17912842	17912938	TTTTTAAACATC	TTTTTAAACATC	96	1.0	0.904
NC_000001.10	17912842	17912938	TTTTTAAACATC	TTTTTAAACATC	96	1.0	0.904
NC_000001.10	17912842	17912938	TTTTTAAACATC	TTTTTAAACATC	96	1.0	0.904
NC_000001.10	17912842	17912938	TTTTTAAACATC	TTTTTAAACATC	96	1.0	0.904
NC_000001.10	17912842	17912938	TTTTTAAACATC	TTTTTAAACATC	96	1.0	0.904
NC_000001.10	17912842	17912938	TTTTTAAACATC	TTTTTAAACATC	96	1.0	0.904
NC_000001.10	17912842	17912938	TTTTTAAACATC	TTTTTAAACATC	96	1.0	0.904
NC_000001.10	17912842	17912938	TTTTTAAACATC	TTTTTAAACATC	96	1.0	0.904
NC_000001.10	17912842	17912938	TTTTTAAACATC	TTTTTAAACATC	96	1.0	0.904
NC_000001.10	17912842	17912938	TTTTTAAACATC	TTTTTAAACATC	96	1.0	0.904
NC_000001.10	17912842	17912938	TTTTTAAACATC	TTTTTAAACATC	96	1.0	0.904
NC_000001.10	17912842	17912938	TTTTTAAACATC	TTTTTAAACATC	96	1.0	0.904
NC_000001.10	17912842	17912938	TTTTTAAACATC	TTTTTAAACATC	96	1.0	0.904
NC_000001.10	17912842	17912938	TTTTTAAACATC	TTTTTAAACATC	96	1.0	0.904
NC_000001.10	17912842	17912938	TTTTTAAACATC	TTTTTAAACATC	96	1.0	0.904
NC_000001.10	17912842	17912938	TTTTTAAACATC	TTTTTAAACATC	96	1.0	0.904
NC_000001.10	17912842	17912938	TTTTTAAACATC	TTTTTAAACATC	96	1.0	0.904
NC_000001.10	17912842	17912938	TTTTTAAACATC	TTTTTAAACATC	96	1.0	0.904
NC_000001.10	17912842	17912938	TTTTTAAACATC	TTTTTAAACATC	96	1.0	0.904
NC_000001.10	17912842	17912938	TTTTTAAACATC	TTTTTAAACATC	96	1.0	0.904
NC_000001.10	17912842	17912938	TTTTTAAACATC	TTTTTAAACATC	96	1.0	0.904
NC_000001.10	17912842	17912938	TTTTTAAACATC	TTTTTAAACATC	96	1.0	0.904
NC_000001.10	17912842	17912938	TTTTTAAACATC	TTTTTAAACATC	96	1.0	0.904
NC_000001.10	17912842	17912938	TTTTTAAACATC	TTTTTAAACATC	96	1.0	0.904
NC_000001.10	17912842	17912938	TTTTTAAACATC	TTTTTAAACATC	96	1.0	0.904
NC_000001.10	17912842	17912938	TTTTTAAACATC	TTTTTAAACATC	96	1.0	0.904
NC_000001.10	17912842	17912938	TTTTTAAACATC	TTTTTAAACATC	96	1.0	0.904
NC_000001.10	17912842	17912938	TTTTTAAACATC	TTTTTAAACATC	96	1.0	0.904
NC_000001.10	17912842	17912938	TTTTTAAACATC	TTTTTAAACATC	96	1.0	0.904
NC_000001.10	17912842	17912938	TTTTTAAACATC	TTTTTAAACATC	96	1.0	0.904
NC_000001.10	17912842	17912938	TTTTTAAACATC	TTTTTAAACATC	96	1.0	0.904
NC_000001.10	17912842	17912938	TTTTTAAACATC	TTTTTAAACATC	96	1.0	0.904
NC_000001.10	17912842	17912938	TTTTTAAACATC	TTTTTAAACATC	96	1.0	0.904
NC_000001.10	17912842	17912938	TTTTTAAACATC	TTTTTAAACATC	96	1.0	0.904
NC_000001.10	17912842	17912938	TTTTTAAACATC	TTTTTAAACATC	96	1.0	0.904
NC_000001.10	17912842	17912938	TTTTTAAACATC	TTTTTAAACATC	96	1.0	0.904
NC_000001.10	17912842	17912938	TTTTTAAACATC	TTTTTAAACATC	96	1.0	0.904
NC_000001.10	17912842	17912938	TTTTTAAACATC	TTTTTAAACATC	96	1.0	0.904
NC_000001.10	17912842	17912938	TTTTTAAACATC	TTTTTAAACATC	96	1.0	0.904
NC_000001.10	17912842	17912938	TTTTTAAACATC	TTTTTAAACATC	96	1.0	0.904
NC_000001.10	17912842	17912938	TTTTTAAACATC	TTTTTAAACATC	96	1.0	0.904
NC_000001.10	17912842	17912938	TTTTTAAACATC	TTTTTAAACATC	96	1.0	0.904
NC_000001.10	17912842	17912938	TTTTTAAACATC	TTTTTAAACATC	96	1.0	0.904
NC_000001.10	17912842	17912938	TTTTTAAACATC	TTTTTAAACATC	96	1.0	0.904
NC_000001.10	17912842	17912938	TTTTTAAACATC	TTTTTAAACATC	96	1.0	0.904
NC_000001.10	17912842	17912938	TTTTTAAACATC	TTTTTAAACATC	96	1.0	0.904
NC_000001.10	17912842	17912938	TTTTTAAACATC	TTTTTAAACATC	96	1.0	0.904
NC_000001.10	17912842	17912938	TTTTTAAACATC	TTTTTAAACATC	96	1.0	0.904
NC_000001.10	17912842	17912938	TTTTTAAACATC	TTTTTAAACATC	96	1.0	0.904
NC_000001.10	17912842	17912938	TTTTTAAACATC	TTTTTAAACATC	96	1.0	0.904
NC_000001.10	17912842	17912938	TTTTTAAACATC	TTTTTAAACATC	96	1.0	0.904
NC_000001.10	17912842	17912938	TTTTTAAACATC	TTTTTAAACATC	96	1.0	0.904
NC_000001.10	17912842	17912938	TTTTTAAACATC	TTTTTAAACATC	96	1.0	0.904
NC_000001.10	17912842	17912938	TTTTTAAACATC	TTTTTAAACATC	96	1.0	0.904
NC_000001.10	17912842	17912938	TTTTTAAACATC	TTTTTAAACATC	96	1.0	0.904
NC_000001.10	17912842	17912938	TTTTTAAACATC	TTTTTAAACATC	96	1.0	0.904
NC_000001.10	17912842	17912938	TTTTTAAACATC	TTTTTAAACATC	96	1.0	0.904
NC_000001.10	17912842	17912938	TTTTTAAACATC	TTTTTAAACATC	96	1.0	0.904
NC_000001.10	17912842	17912938	TTTTTAAACATC	TTTTTAAACATC	96	1.0	0.904
NC_000001.10	17912842	17912938	TTTTTAAACATC	TTTTTAAACATC	96	1.0	0.904
NC_000001.10	17912842	17912938	TTTTTAAACATC	TTTTTAAACATC	96	1.0	0.904
NC_000001.10	17912842	17912938	TTTTTAAACATC	TTTTTAAACATC	96	1.0	0.904
NC_000001.10	17912842	17912938	TTTTTAAACATC	TTTTTAAACATC	96	1.0	0.904
NC_000001.10	17912842	17912938	TTTTTAAACATC	TTTTTAAACATC	96	1.0	0.904
NC_000001.10	17912842	17912938	TTTTTAAACATC	TTTTTAAACATC	96	1.0	0.904
NC_000001.10	17912842	17912938	TTTTTAAACATC	TTTTTAAACATC	96	1.0	0.904
NC_000001.10	17912842	17912938	TTTTTAAACATC	TTTTTAAACATC	96	1.0	0.904
NC_000001.10	17912842	17912938	TTTTTAAACATC	TTTTTAAACATC	96	1.0	0.904
NC_000001.10	17912842	17912938	TTTTTAAACATC	TTTTTAAACATC	96	1.0	0.904
NC_000001.10	17912842	17912938	TTTTTAAACATC	TTTTTAAACATC	96	1.0	0.904
NC_000001.10	17912842	17912938	TTTTTAAACATC	TTTTTAAACATC	96	1.0	0.904
NC_000001.10	17912842	17912938	TTTTTAAACATC	TTTTTAAACATC	96	1.0	0.904
NC_000001.10	17912842	17912938	TTTTTAAACATC	TTTTTAAACATC	96	1.0	0.904
NC_000001.10	17912842	17912938	TTTTTAAACATC	TTTTTAAACATC	96	1.0	0.904
NC_000001.10	17912842	17912938	TTTTTAAACATC	TTTTTAAACATC	96	1.0	0.904
NC_000001.10	17912842	17912938	TTTTTAAACATC	TTTTTAAACATC	96	1.0	0.904
NC_000001.10	17912842	17912938	TTTTTAAACATC	TTTTTAAACATC	96	1.0	0.904
NC_000001.10	17912842	17912938	TTTTTAAACATC	TTTTTAAACATC	96	1.0	0.904
NC_000001.10	17912842	17912938	TTTTTAAACATC	TTTTTAAACATC	96	1.0	0.904
NC_000001.10	17912842	17912938	TTTTTAAACATC	TTTTTAAACATC	96	1.0	0.904
NC_000001.10	17912842	17912938	TTTTTAAACATC	TTTTTAAACATC	96	1.0	0.904
NC_000001.10	17912842	17912938	TTTTTAAACATC	TTTTTAAACATC	96	1.0	0.904
NC_000001.10	17912842	17912938	TTTTTAAACATC	TTTTTAAACATC	96	1.0	0.904
NC_000001.10	17912842	17912938	TTTTTAAACATC	TTTTTAAACATC	96	1.0	0.904
NC_000001.10	17912842	17912938	TTTTTAAACATC	TTTTTAAACATC	96	1.0	0.904
NC_000001.10	17912842	17912938	TTTTTAAACATC	TTTTTAAACATC	96	1.0	0.904
NC_000001.10	17912842	17912938	TTTTTAAACATC	TTTTTAAACATC	96	1.0	0.904
NC_000001.10	17912842	17912938	TTTTTAAACATC	TTTTTAAACATC	96	1.0	0.904
NC_000001.10	17912842	17912938	TTTTTAAACATC	TTTTTAAACATC	96	1.0	0.904
NC_000001.10	17912842	17912938	TTTTTAAACATC	TTTTTAAACATC	96	1.0	0.904
NC_000001.10	17912842	17912938	TTTTTAAACATC	TTTTTAAACATC	96	1.0	0.904
NC_000001.10	17912842	17912938	TTTTTAAACATC	TTTTTAAACATC	96	1.0	0.904
NC_000001.10	17912842	17912938	TTTTTAAACATC	TTTTTAAACATC	96	1.0	0.904
NC_000001.10	17912842	17912938	TTTTTAAACATC	TTTTTAAACATC	96	1.0	0.904
NC_000001.10	17912842	17912938	TTTTTAAACATC	TTTTTAAACATC	96	1.0	0.904
NC_000001.10	17912842	17912938	TTTTTAAACATC	TTTTTAAACATC	96	1.0	0.904
NC_000001.10	17912842	17912938	TTTTTAAACATC	TTTTTAAACATC	96	1.0	0.904
NC_000001.10	17912842	17912938	TTTTTAAACATC	TTTTTAAACATC	96	1.0	0.904
NC_000001.10	17912842	17912938	TTTTTAAACATC	TTTTTAAACATC	96	1.0	0.904
NC_000001.10	17912842	17912938	TTTTTAAACATC	TTTTTAAACATC	96	1.0	0.904
NC_000001.10	17912842	17912938	TTTTTAAACATC	TTTTTAAACATC	96	1.0	0.904
NC_000001.10	17912842	17912938	TTTTTAAACATC	TTTTTAAACATC	96	1.0	0.904
NC_000001.10	17912842	17912938	TTTTTAAACATC	TTTTTAAACATC	96	1.0	0.904
NC_000001.10	17912842	17912938	TTTTTAAACATC	TTTTTAAACATC	96	1.0	0.904
NC_000001.10	121485155	121485216	GAATATCCACTT	TGAATATCCACT	61	0.9166666666666666	0.86075
NC_000001.10	121485155	121485216	GAATATCCACTT	TGAATATCCACT	61	0.9166666666666666	0.86075
NC_000001.10	121485155	121485216	GAATATCCACTT	TGAATATCCACT	61	0.9166666666666666	0.86075
NC_000001.10	17912842	17912938	TTTTTAAACATC	TTTTTAAACATA	96	0.9166666666666666	0.8286666666666667
NC_000001.10	17912842	17912938	TTTTTAAACATC	TTTTTAAACATA	96	0.9166666666666666	0.8286666666666667
NC_000001.10	17912842	17912938	TTTTTAAACATC	GTTTTAAACATC	96	0.9166666666666666	0.8286666666666667
NC_000001.10	17912842	17912938	TTTTTAAACATC	GTTTTAAACATC	96	0.9166666666666666	0.8286666666666667
NC_000001.10	17912842	17912938	TTTTTAAACATC	TTTTTAAACATA	96	0.9166666666666666	0.8286666666666667
NC_000001.10	17912842	17912938	TTTTTAAACATC	TTTTTAAACATA	96	0.9166666666666666	0.8286666666666667
NC_000001.10	17912842	17912938	TTTTTAAACATC	TTTTTAAACATA	96	0.9166666666666666	0.8286666666666667
NC_000001.10	17912842	17912938	TTTTTAAACATC	TTTTTAAACATA	96	0.9166666666666666	0.8286666666666667
NC_000001.10	17912842	17912938	TTTTTAAACATC	TTTTTAAACATA	96	0.9166666666666666	0.8286666666666667
NC_000001.10	17912842	17912938	TTTTTAAACATC	GTTTTAAACATC	96	0.9166666666666666	0.8286666666666667
NC_000001.10	17912842	17912938	TTTTTAAACATC	GTTTTAAACATC	96	0.9166666666666666	0.8286666666666667
NC_000001.10	17912842	17912938	TTTTTAAACATC	TTTTTAAACATA	96	0.9166666666666666	0.8286666666666667
NC_000001.10	17912842	17912938	TTTTTAAACATC	GTTTTAAACATC	96	0.9166666666666666	0.8286666666666667
NC_000001.10	17912842	17912938	TTTTTAAACATC	GTTTTAAACATC	96	0.9166666666666666	0.8286666666666667
NC_000001.10	17912842	17912938	TTTTTAAACATC	TTTTTAAACATA	96	0.9166666666666666	0.8286666666666667
NC_000001.10	17912842	17912938	TTTTTAAACATC	TTTTTAAACATA	96	0.9166666666666666	0.8286666666666667
NC_000001.10	17912842	17912938	TTTTTAAACATC	GTTTTAAACATC	96	0.9166666666666666	0.8286666666666667
NC_000001.10	17912842	17912938	TTTTTAAACATC	TTTTTAAACATA	96	0.9166666666666666	0.8286666666666667
NC_000001.10	17912842	17912938	TTTTTAAACATC	TTTTTAAACATA	96	0.9166666666666666	0.8286666666666667
NC_000001.10	17912842	17912938	TTTTTAAACATC	GTTTTAAACATC	96	0.9166666666666666	0.8286666666666667
NC_000001.10	17912842	17912938	TTTTTAAACATC	GTTTTAAACATC	96	0.9166666666666666	0.8286666666666667
NC_000001.10	17912842	17912938	TTTTTAAACATC	TTTTTAAACATA	96	0.9166666666666666	0.8286666666666667
NC_000001.10	17912842	17912938	TTTTTAAACATC	TTTTTAAACATA	96	0.9166666666666666	0.8286666666666667
NC_000001.10	17912842	17912938	TTTTTAAACATC	GTTTTAAACATC	96	0.9166666666666666	0.8286666666666667
NC_000001.10	17912842	17912938	TTTTTAAACATC	TTTTTAAACATA	96	0.9166666666666666	0.8286666666666667
NC_000001.10	17912842	17912938	TTTTTAAACATC	GTTTTAAACATC	96	0.9166666666666666	0.8286666666666667
NC_000001.10	17912842	17912938	TTTTTAAACATC	TTTTTAAACATA	96	0.9166666666666666	0.8286666666666667
NC_000001.10	17912842	17912938	TTTTTAAACATC	GTTTTAAACATC	96	0.9166666666666666	0.8286666666666667
NC_000001.10	17912842	17912938	TTTTTAAACATC	GTTTTAAACATC	96	0.9166666666666666	0.8286666666666667
NC_000001.10	17912842	17912938	TTTTTAAACATC	TTTTTAAACATA	96	0.9166666666666666	0.8286666666666667
NC_000001.10	17912842	17912938	TTTTTAAACATC	GTTTTAAACATC	96	0.9166666666666666	0.8286666666666667
NC_000001.10	17912842	17912938	TTTTTAAACATC	GTTTTAAACATC	96	0.9166666666666666	0.8286666666666667
NC_000001.10	17912842	17912938	TTTTTAAACATC	TTTTTAAACATA	96	0.9166666666666666	0.8286666666666667
NC_000001.10	17912842	17912938	TTTTTAAACATC	TTTTTAAACATA	96	0.9166666666666666	0.8286666666666667
NC_000001.10	17912842	17912938	TTTTTAAACATC	GTTTTAAACATC	96	0.9166666666666666	0.8286666666666667
NC_000001.10	17912842	17912938	TTTTTAAACATC	GTTTTAAACATC	96	0.9166666666666666	0.8286666666666667
NC_000001.10	17912842	17912938	TTTTTAAACATC	TTTTTAAACATA	96	0.9166666666666666	0.8286666666666667
NC_000001.10	17912842	17912938	TTTTTAAACATC	GTTTTAAACATC	96	0.9166666666666666	0.8286666666666667
NC_000001.10	17912842	17912938	TTTTTAAACATC	GTTTTAAACATC	96	0.9166666666666666	0.8286666666666667
NC_000001.10	17912842	17912938	TTTTTAAACATC	TTTTTAAACATA	96	0.9166666666666666	0.8286666666666667
NC_000001.10	17912842	17912938	TTTTTAAACATC	TTTTTAAACATA	96	0.9166666666666666	0.8286666666666667
NC_000001.10	17912842	17912938	TTTTTAAACATC	GTTTTAAACATC	96	0.9166666666666666	0.8286666666666667
NC_000001.10	17912842	17912938	TTTTTAAACATC	GTTTTAAACATC	96	0.9166666666666666	0.8286666666666667
NC_000001.10	17912842	17912938	TTTTTAAACATC	GTTTTAAACATC	96	0.9166666666666666	0.8286666666666667
NC_000001.10	17912842	17912938	TTTTTAAACATC	GTTTTAAACATC	96	0.9166666666666666	0.8286666666666667
NC_000001.10	17912842	17912938	TTTTTAAACATC	TTTTTAAACATA	96	0.9166666666666666	0.8286666666666667
NC_000001.10	121485356	121485378	TTTTGTGGAATT	TTTTTGTGGAAN	22	0.8333333333333334	0.8150000000000001
NC_000001.10	121485356	121485378	TTTTGTGGAATT	TTTTTGTGGAAN	22	0.8333333333333334	0.8150000000000001
NC_000001.10	121485363	121485434	AGACCTCTTTGA	TCAGACCTCTTT	71	0.8333333333333334	0.7741666666666668
NC_000001.10	121485185	121485358	GTTTGTAAAGTC	TTTGTAAAGTCT	173	0.9166666666666666	0.7580833333333332
NC_000001.10	121485185	121485358	GTTTGTAAAGTC	TTTGTAAAGTCT	173	0.9166666666666666	0.7580833333333332
NC_000001.10	17912842	17912938	TTTTTAACCATC	TTTTTAAACATC	96	0.8333333333333334	0.7533333333333334
NC_000001.10	17912842	17912938	TTTTTAAACTTC	TTTTTAAACATC	96	0.8333333333333334	0.7533333333333334
NC_000001.10	17912842	17912938	TTTTTAACCATC	TTTTTAAACATC	96	0.8333333333333334	0.7533333333333334
NC_000001.10	17912842	17912938	TTTTTAACCATC	TTTTTAAACATC	96	0.8333333333333334	0.7533333333333334
NC_000001.10	17912842	17912938	TTTTTAACCATC	TTTTTAAACATC	96	0.8333333333333334	0.7533333333333334
NC_000001.10	17912842	17912938	TTTTTAACCATC	TTTTTAAACATC	96	0.8333333333333334	0.7533333333333334
NC_000001.10	17912842	17912938	TTTTTAACCATC	TTTTTAAACATC	96	0.8333333333333334	0.7533333333333334
NC_000001.10	17912842	17912938	TTTTTAACCATC	TTTTTAAACATC	96	0.8333333333333334	0.7533333333333334
NC_000001.10	17912842	17912938	TTTTTAACCATC	TTTTTAAACATC	96	0.8333333333333334	0.7533333333333334
NC_000001.10	17912842	17912938	TTTTTAACCATC	TTTTTAAACATC	96	0.8333333333333334	0.7533333333333334
NC_000001.10	17912842	17912938	TTTTTAACCATC	TTTTTAAACATC	96	0.8333333333333334	0.7533333333333334
NC_000001.10	17912842	17912938	TTTTTAACCATC	TTTTTAAACATC	96	0.8333333333333334	0.7533333333333334
NC_000001.10	17912842	17912938	TTTTTAACCATC	TTTTTAAACATC	96	0.8333333333333334	0.7533333333333334
NC_000001.10	17912842	17912938	TTTTTAACCATC	TTTTTAAACATC	96	0.8333333333333334	0.7533333333333334
NC_000001.10	17912842	17912938	TTTTTAACCATC	TTTTTAAACATC	96	0.8333333333333334	0.7533333333333334
NC_000001.10	17912842	17912938	TTTTTAACCATC	TTTTTAAACATC	96	0.8333333333333334	0.7533333333333334
NC_000001.10	17912842	17912938	TTTTTAACCATC	TTTTTAAACATC	96	0.8333333333333334	0.7533333333333334
NC_000001.10	17912842	17912938	TTTTTAACCATC	TTTTTAAACATC	96	0.8333333333333334	0.7533333333333334
NC_000001.10	17912842	17912938	TTTTTAAACTTC	TTTTTAAACATC	96	0.8333333333333334	0.7533333333333334
NC_000001.10	17912842	17912938	TTTTTAACCATC	TTTTTAAACATC	96	0.8333333333333334	0.7533333333333334
NC_000001.10	17912842	17912938	TTTTTAACCATC	TTTTTAAACATC	96	0.8333333333333334	0.7533333333333334
NC_000001.10	17912842	17912938	TTTTTAACCATC	TTTTTAAACATC	96	0.8333333333333334	0.7533333333333334
NC_000001.10	17912842	17912938	TTTTTAACCATC	TTTTTAAACATC	96	0.8333333333333334	0.7533333333333334
NC_000001.10	17912842	17912938	TTTTTAACCATC	TTTTTAAACATC	96	0.8333333333333334	0.7533333333333334
NC_000001.10	17912842	17912938	TTTTTAACCATC	TTTTTAAACATC	96	0.8333333333333334	0.7533333333333334
NC_000001.10	17912842	17912938	TTTTTAACCATC	TTTTTAAACATC	96	0.8333333333333334	0.7533333333333334
NC_000001.10	17912842	17912938	TTTTTAACCATC	TTTTTAAACATC	96	0.8333333333333334	0.7533333333333334
NC_000001.10	17912842	17912938	TTTTTAACCATC	TTTTTAAACATC	96	0.8333333333333334	0.7533333333333334
NC_000001.10	17912842	17912938	TTTTTAACCATC	TTTTTAAACATC	96	0.8333333333333334	0.7533333333333334
NC_000001.10	17912842	17912938	TTTTTAACCATC	TTTTTAAACATC	96	0.8333333333333334	0.7533333333333334
NC_000001.10	17912842	17912938	TTTTTAACCATC	TTTTTAAACATC	96	0.8333333333333334	0.7533333333333334
NC_000001.10	17912842	17912938	TTTTTAACCATC	TTTTTAAACATC	96	0.8333333333333334	0.7533333333333334
NC_000001.10	17912842	17912938	TTTTTAACCATC	TTTTTAAACATC	96	0.8333333333333334	0.7533333333333334
NC_000001.10	17912842	17912938	TTTTTAACCATC	TTTTTAAACATC	96	0.8333333333333334	0.7533333333333334
NC_000001.10	17912842	17912938	TTTTTAACCATC	TTTTTAAACATC	96	0.8333333333333334	0.7533333333333334
NC_000001.10	17912842	17912938	TTTTTAACCATC	TTTTTAAACATC	96	0.8333333333333334	0.7533333333333334
NC_000001.10	17912842	17912938	TTTTTAACCATC	TTTTTAAACATC	96	0.8333333333333334	0.7533333333333334
NC_000001.10	17912842	17912938	TTTTTAACCATC	TTTTTAAACATC	96	0.8333333333333334	0.7533333333333334
NC_000001.10	17912842	17912938	TTTTTAACCATC	TTTTTAAACATC	96	0.8333333333333334	0.7533333333333334
NC_000001.10	17912842	17912938	TTTTTAACCATC	TTTTTAAACATC	96	0.8333333333333334	0.7533333333333334
NC_000001.10	17912842	17912938	TTTTTAACCATC	TTTTTAAACATC	96	0.8333333333333334	0.7533333333333334
NC_000001.10	17912842	17912938	TTTTTAACCATC	TTTTTAAACATC	96	0.8333333333333334	0.7533333333333334
NC_000001.10	17912842	17912938	TTTTTAAACTTC	TTTTTAAACATC	96	0.8333333333333334	0.7533333333333334
NC_000001.10	17912842	17912938	TTTTTAAACTTC	TTTTTAAACATC	96	0.8333333333333334	0.7533333333333334
NC_000001.10	17912842	17912938	TTTTTAAACTTC	TTTTTAAACATC	96	0.8333333333333334	0.7533333333333334
NC_000001.10	17912842	17912938	TTTTTAAACTTC	TTTTTAAACATC	96	0.8333333333333334	0.7533333333333334
NC_000001.10	17912842	17912938	TTTTTAAACTTC	TTTTTAAACATC	96	0.8333333333333334	0.7533333333333334
NC_000001.10	17912842	17912938	TTTTTAAACTTC	TTTTTAAACATC	96	0.8333333333333334	0.7533333333333334
NC_000001.10	17912842	17912938	TTTTTAAACTTC	TTTTTAAACATC	96	0.8333333333333334	0.7533333333333334
NC_000001.10	17912842	17912938	TTTTTAAACTTC	TTTTTAAACATC	96	0.8333333333333334	0.7533333333333334
NC_000001.10	17912842	17912938	TTTTTAAACTTC	TTTTTAAACATC	96	0.8333333333333334	0.7533333333333334
NC_000001.10	17912842	17912938	TTTTTAAACTTC	TTTTTAAACATC	96	0.8333333333333334	0.7533333333333334
NC_000001.10	17912842	17912938	TTTTTAAACTTC	TTTTTAAACATC	96	0.8333333333333334	0.7533333333333334
NC_000001.10	17912842	17912938	TTTTTAAACTTC	TTTTTAAACATC	96	0.8333333333333334	0.7533333333333334
NC_000001.10	17912842	17912938	TTTTTAAACTTC	TTTTTAAACATC	96	0.8333333333333334	0.7533333333333334
NC_000001.10	17912842	17912938	TTTTTAAACTTC	TTTTTAAACATC	96	0.8333333333333334	0.7533333333333334
NC_000001.10	17912842	17912938	TTTTTAAACTTC	TTTTTAAACATC	96	0.8333333333333334	0.7533333333333334
NC_000001.10	17912842	17912938	TTTTTAAACTTC	TTTTTAAACATC	96	0.8333333333333334	0.7533333333333334
NC_000001.10	17912842	17912938	TTTTTAAACTTC	TTTTTAAACATC	96	0.8333333333333334	0.7533333333333334
NC_000001.10	17912842	17912938	TTTTTAAACTTC	TTTTTAAACATC	96	0.8333333333333334	0.7533333333333334
NC_000001.10	17912842	17912938	TTTTTAAACTTC	TTTTTAAACATC	96	0.8333333333333334	0.7533333333333334
NC_000001.10	17912842	17912938	TTTTTAAACTTC	TTTTTAAACATC	96	0.8333333333333334	0.7533333333333334
NC_000001.10	17912842	17912938	TTTTTAAACTTC	TTTTTAAACATC	96	0.8333333333333334	0.7533333333333334
NC_000001.10	17912842	17912938	TTTTTAAACTTC	TTTTTAAACATC	96	0.8333333333333334	0.7533333333333334
NC_000001.10	17912842	17912938	TTTTTAAACTTC	TTTTTAAACATC	96	0.8333333333333334	0.7533333333333334
NC_000001.10	17912842	17912938	TTTTTAAACTTC	TTTTTAAACATC	96	0.8333333333333334	0.7533333333333334
NC_000001.10	17912842	17912938	TTTTTAAACTTC	TTTTTAAACATC	96	0.8333333333333334	0.7533333333333334
NC_000001.10	17912842	17912938	TTTTTAAACTTC	TTTTTAAACATC	96	0.8333333333333334	0.7533333333333334
NC_000001.10	17912842	17912938	TTTTTAAACTTC	TTTTTAAACATC	96	0.8333333333333334	0.7533333333333334
NC_000001.10	17912842	17912938	TTTTTAAACTTC	TTTTTAAACATC	96	0.8333333333333334	0.7533333333333334
NC_000001.10	17912842	17912938	TTTTTAAACTTC	TTTTTAAACATC	96	0.8333333333333334	0.7533333333333334
NC_000001.10	17912842	17912938	TTTTTAAACTTC	TTTTTAAACATC	96	0.8333333333333334	0.7533333333333334
NC_000001.10	17912842	17912938	TTTTTAAACTTC	TTTTTAAACATC	96	0.8333333333333334	0.7533333333333334
NC_000001.10	17912842	17912938	TTTTTAAACTTC	TTTTTAAACATC	96	0.8333333333333334	0.7533333333333334
NC_000001.10	17912842	17912938	TTTTTAAACTTC	TTTTTAAACATC	96	0.8333333333333334	0.7533333333333334
NC_000001.10	17912842	17912938	TTTTTAAACTTC	TTTTTAAACATC	96	0.8333333333333334	0.7533333333333334
NC_000001.10	17912842	17912938	TTTTTAAACTTC	TTTTTAAACATC	96	0.8333333333333334	0.7533333333333334
NC_000001.10	17912842	17912938	TTTTTAAACTTC	TTTTTAAACATC	96	0.8333333333333334	0.7533333333333334
NC_000001.10	17912842	17912938	TTTTTAAACTTC	TTTTTAAACATC	96	0.8333333333333334	0.7533333333333334
NC_000001.10	17912842	17912938	TTTTTAAACTTC	TTTTTAAACATC	96	0.8333333333333334	0.7533333333333334
NC_000001.10	121485185	121485385	GTTTGTAAAGTC	TTTGTAAAGTCT	200	0.9166666666666666	0.7333333333333334
NC_000001.10	121485185	121485385	GTTTGTAAAGTC	TTTGTAAAGTCT	200	0.9166666666666666	0.7333333333333334
NC_000001.10	121485210	121485385	AATGGTAGAAAA	TCAATGGTAGAA	175	0.8333333333333334	0.6875
NC_000001.10	121484883	121485179	AGTCTGCAAGTG	AAAGTCTGCAAG	296	0.8333333333333334	0.5866666666666667
NC_000001.10	121484600	121484926	AGAAACGGCTGC	TCAGAAACGGCT	326	0.8333333333333334	0.5616666666666666
NC_000001.10	121485000	121485434	AGACCTCTTTGA	TCAGACCTCTTT	434	0.8333333333333334	0.47166666666666673
NC_000001.10	121373488	121374179	NTGCTTCTGTTT	TGCTTCTGTTTA	691	0.9166666666666666	0.28325000000000006
NC_000001.10	121484512	121485188	TGGAATTTCCAA	TGGAATTTGCAA	676	0.8333333333333334	0.26999999999999996
